Addressee final,Wizard addressee,Focus of attention,Method,"Expression (facial, gestural, verbal)",Speech form of address,Speech politeness,Speech type of sentence,Speech specific,Expression specific,Method specific,Time_adapted,Addressee final (reduced),Focus of attention (reduced),Vp_num,Wizard task,Condition,Order,Annotator,Addressee final Code,Focus of attention Code,Addressee final (reduced) Code,Focus of attention (reduced) Code,Speech specific (reduced),Method specific (reduced),Expression (reduced),Speech type of sentence (reduced),Speech phrasing,Addressee equals focus
Light in the hallway \(L_H\),Apartment,Light in the hallway \(L_H\),speech,neutral,with Name,neutral,Command (words),Licht!,---,VP schaut nach oben zum LIcht und sagt: __Licht!__,0,Light in the hallway \(L_H\),Light in the hallway \(L_H\),3,1,nonverbal,1,ES,LH,LH,LH,LH,Licht,None,neutral,Command,Words,TRUE
Light in the hallway \(L_H\),Apartment,Light in the hallway \(L_H\),speech,neutral,with Name,neutral,Command (words),Licht aus! Flur!,---,VP schaut nach oben zum Licht und sagt:__Licht aus! Flur!__,0,Light in the hallway \(L_H\),Light in the hallway \(L_H\),3,2,nonverbal,1,ES,LH,LH,LH,LH,Licht,None,neutral,Command,Words,TRUE
Switch (living room),Apartment,Switch (living room),touch,neutral,unobserved,unobserved,unobserved,---,---,"VP drückt die Fernbedingungen, die auf der Fensterbank lagen",0,Parts of the apartment,Parts of the apartment,3,3,nonverbal,1,ES,SwL,SwL,Ap,Ap,None,None,neutral,unobserved,unobserved,TRUE
Screen (kitchen on worktop),Apartment,Screen (kitchen on worktop),touch,neutral,unobserved,unobserved,unobserved,---,---,VP berührt den Bildschirm auf der Arbeitsfläche,0,Parts of the apartment,Parts of the apartment,3,4,nonverbal,1,ES,ScK,ScK,Ap,Ap,None,None,neutral,unobserved,unobserved,TRUE
Unspecific,Apartment,Light in the hallway \(L_H\),speech,neutral,with Name,neutral,Question (words),Anrufe?!,---,VP schaut nach oben im Flur und sagt: __Anrufe?!__,0,Unspecific,Light in the hallway \(L_H\),3,5,nonverbal,1,ES,U,LH,U,LH,None,None,neutral,Question,Words,FALSE
Unspecific,Apartment,Screen (kitchen on worktop),speech,neutral,with Name,neutral,Question (words),Uhrzeit?!,---,VP spricht in Richtung Flur: __Uhrzeit?!__ und schaut auf den Bildschirm,0,Unspecific,Parts of the apartment,3,6,nonverbal,1,ES,U,ScK,U,Ap,None,None,neutral,Question,Words,FALSE
Floor lamp \(L_F\),Floor lamp \(L_F\),Floor lamp \(L_F\),touch,neutral,unobserved,unobserved,unobserved,---,---,"VP berührt mehrmals die Stehlampe, erst an der Seite und dann oben",0,Floor lamp \(L_F\),Floor lamp \(L_F\),3,7,nonverbal,1,ES,LF,LF,LF,LF,None,None,neutral,unobserved,unobserved,TRUE
Robot,Apartment,Robot,speech,neutral,with Name,polite,Command (sentence),"__Ähm, bitte das Licht im Flur anmachen.__",---,"VP sagt: __Ähm, bitte das Licht im Flur anmachen.__",898,Robot,Robot,4,1,nonverbal,1,PH,R,R,R,R,Licht,None,neutral,Command,Sentence,TRUE
Robot,Robot,Robot,speech,neutral,with Name,polite,Command (sentence),__Bitte das Licht im Flur ausmachen.__,---,VP sagt: __Bitte das Licht im Flur ausmachen.__,0,Robot,Robot,4,2,nonverbal,1,PH,R,R,R,R,Licht,None,neutral,Command,Sentence,TRUE
Robot,Robot,Robot,speech,neutral,with Name,polite,Command (sentence),__Bitte Musik einschalten.__,---,VP sagt: __Bitte Musik einschalten.__,0,Robot,Robot,4,3,nonverbal,1,PH,R,R,R,R,None,None,neutral,Command,Sentence,TRUE
Robot,Robot,Robot,speech,neutral,with Name,neutral,Question (sentence),__Habe ich Pakete bekommen?__,---,VP stellt sich vor den Roboter und fragt: __Habe ich Pakete bekommen?__,0,Robot,Robot,4,4,nonverbal,1,PH,R,R,R,R,None,None,neutral,Question,Sentence,TRUE
Robot,Robot,Robot,speech,neutral,with Name,neutral,Question (sentence),__Hat jemand für mich angerufen?__,---,VP fragt: __Hat jemand für mich angerufen?__,0,Robot,Robot,4,5,nonverbal,1,PH,R,R,R,R,None,None,neutral,Question,Sentence,TRUE
Robot,Robot,Robot,speech,neutral,with Name,neutral,Question (sentence),__Wie viel Uhr ist es?__,---,VP fragt: __Wie viel Uhr ist es?__,0,Robot,Robot,4,6,nonverbal,1,PH,R,R,R,R,None,None,neutral,Question,Sentence,TRUE
Robot,Floor lamp \(L_F\),Robot,speech,baffled,with Name,polite,Command (sentence),__Bitte heller machen.__,"VP ist hier ratlos, weil sie nicht erkennt, dass sie die Aufgabe gelöst hat; hier ist auch einiges schief gelaufen",VP sagt: __Bitte heller amchen.__,0,Robot,Robot,4,7,nonverbal,1,PH,R,R,R,R,None,None,negative,Command,Sentence,TRUE
Light in the hallway \(L_H\),Apartment,Light in the hallway \(L_H\),gesture,neutral,unobserved,unobserved,unobserved,---,---,VP geht in den Flur und winkt mit der Hand nach oben zum Licht,0,Light in the hallway \(L_H\),Light in the hallway \(L_H\),6,1,nonverbal,1,ES,LH,LH,LH,LH,None,Winkt,neutral,unobserved,unobserved,TRUE
Unspecific,Apartment,Unspecific,gesture,neutral,unobserved,unobserved,unobserved,---,---,VP steht in der Küche und winkt mehrmals nach oben zum Licht,0,Unspecific,Unspecific,6,2,nonverbal,1,ES,U,U,U,U,None,Winkt,neutral,unobserved,unobserved,TRUE
Screen (living room window),Apartment,Screen (living room window),touch,neutral,unobserved,unobserved,unobserved,---,---,VP berührt den Bildschirm auf der Fensterbank,0,Parts of the apartment,Parts of the apartment,6,3,nonverbal,1,ES,ScLwi,ScLwi,Ap,Ap,None,None,neutral,unobserved,unobserved,TRUE
Unspecific,Apartment,Unspecific,speech,neutral,with Name,neutral,Question (sentence),Ist ein Paket angekommen?,---,VP fragt in den Raum: __Ist ein Paket angekommen?__,0,Unspecific,Unspecific,6,4,nonverbal,1,ES,U,U,U,U,None,None,neutral,Question,Sentence,TRUE
Unspecific,Apartment,Unspecific,speech,neutral,with Name,neutral,Question (sentence),Gab es Anrufe in meiner Abwesenheit?,---,VP steht in der Küche vor der Arbeitsfläche und fragt in den Raum: __Gab es Anrufe in meiner Abwesenheit?__,0,Unspecific,Unspecific,6,5,nonverbal,1,ES,U,U,U,U,None,None,neutral,Question,Sentence,TRUE
Unspecific,Apartment,Unspecific,speech,neutral,with Name,neutral,Question (sentence),Wie spät ist es?,---,VP fragt in den Raum: __Wie spät ist es?__ und schaut erst dann zum Bildschirm,639,Unspecific,Unspecific,6,6,nonverbal,1,ES,U,U,U,U,None,None,neutral,Question,Sentence,TRUE
Floor lamp \(L_F\),Floor lamp \(L_F\),Floor lamp \(L_F\),gesture,neutral,unobserved,unobserved,unobserved,---,---,"VP bewegt mit der Hand an der Lampe entlang, berührtdie aber nicht",0,Floor lamp \(L_F\),Floor lamp \(L_F\),6,7,nonverbal,1,ES,LF,LF,LF,LF,None,None,neutral,unobserved,unobserved,TRUE
Light in the hallway \(L_H\),Apartment,Light in the hallway \(L_H\),gesture,neutral,unobserved,unobserved,unobserved,---,---,VP klatscht,0,Light in the hallway \(L_H\),Light in the hallway \(L_H\),7,1,nonverbal,1,PH,LH,LH,LH,LH,None,Klatscht,neutral,unobserved,unobserved,TRUE
Sliding door (between hallway and kitchen),Apartment,Sliding door (between hallway and kitchen),touch,neutral,unobserved,unobserved,unobserved,---,---,VP schließt die Schiebetür der Küche,762,Parts of the apartment,Parts of the apartment,7,2,nonverbal,1,PH,D,D,Ap,Ap,None,None,neutral,unobserved,unobserved,TRUE
Unspecific,Apartment,Unspecific,speech,baffled,unobserved,unobserved,unobserved,---,VP ist unsicher,VP fragt: __Musik?__. VP ist sichtlich unsicher (macht ratlose Geste und denkt erst er hätte kinen Erfolg gehabt),0,Unspecific,Unspecific,7,3,nonverbal,1,PH,U,U,U,U,None,None,negative,unobserved,unobserved,TRUE
Unspecific,Apartment,Unspecific,speech,baffled,with Name,neutral,Question (sentence),__Habe ich Post?__,Wirkt wieder etwas unsicher einach in den Raum zu fragen,VP fragt in den Raum; __Habe ich Post?__,0,Unspecific,Unspecific,7,4,nonverbal,1,PH,U,U,U,U,None,None,negative,Question,Sentence,TRUE
Unspecific,Apartment,Unspecific,speech,neutral,with Name,neutral,Question (sentence),__Hat irgendwer angerufen?__,---,VP fragt: __Hat irgendwer angerufen?__,0,Unspecific,Unspecific,7,5,nonverbal,1,PH,U,U,U,U,None,None,neutral,Question,Sentence,TRUE
Screen (kitchen on worktop),Apartment,Screen (kitchen on worktop),speech,neutral,with Name,neutral,Question (sentence),"__Äh, wie spät ist es jetzt?__",---,"VP fragt: __Äh, wie spät ist es jetzt?__",302,Parts of the apartment,Parts of the apartment,7,6,nonverbal,1,PH,ScK,ScK,Ap,Ap,None,None,neutral,Question,Sentence,TRUE
Floor lamp \(L_F\),Floor lamp \(L_F\),Floor lamp \(L_F\),touch,neutral,unobserved,unobserved,unobserved,---,---,VP berührt mehrfach die Stehlampe,0,Floor lamp \(L_F\),Floor lamp \(L_F\),7,7,nonverbal,1,PH,LF,LF,LF,LF,None,None,neutral,unobserved,unobserved,TRUE
Robot,Robot,Robot,speech,neutral,with Name,neutral,Question (sentence),"__Kannst du mir erzählen, wie das Licht angeht?__",---,"VP fragt: __Kannst du mir erzählen, wie das Licht angeht?__",119,Robot,Robot,8,1,verbal,2,PH,R,R,R,R,Du,None,neutral,Question,Sentence,TRUE
Robot,Apartment,Robot,speech,neutral,with Name,polite,Command (sentence),__Kannst du bitte das Licht im Flur ausschalten?__,---,VP sagt: __Kannst du bitte das Licht im Flur ausschalten?__,0,Robot,Robot,8,2,verbal,2,PH,R,R,R,R,Du,None,neutral,Command,Sentence,TRUE
Robot,Robot,Unspecific,speech,neutral,with Name,neutral,Command (sentence),__Ein bisschen Musik wäre jetzt schön.__,---,VP sagt: __Ein bisschen Musik wäre jetzt schön.__,0,Robot,Unspecific,8,3,verbal,2,PH,R,U,R,U,None,None,neutral,Command,Sentence,FALSE
Robot,Robot,Robot,speech,neutral,with Name,neutral,Question (sentence),__Sind Pakete da?__,---,VP fragt: __Sind Pakete da?__,0,Robot,Robot,8,4,verbal,2,PH,R,R,R,R,None,None,neutral,Question,Sentence,TRUE
Robot,Robot,Unspecific,speech,neutral,with Name,neutral,Question (sentence),"__Kannst du mir sagen, ob Anrufe für mich da sind?__",---,"VP fragt: __Kannst du mir sagen, ob Anrufe für mich da sind?__",25,Robot,Unspecific,8,5,verbal,2,PH,R,U,R,U,Du,None,neutral,Question,Sentence,FALSE
Robot,Robot,Robot,speech,neutral,with Name,neutral,Question (sentence),__Und wie spät ist es jetzt?__,---,VP fragt: __Und wie spät ist es jetzt?__,0,Robot,Robot,8,6,verbal,2,PH,R,R,R,R,None,None,neutral,Question,Sentence,TRUE
Floor lamp \(L_F\),Floor lamp \(L_F\),Floor lamp \(L_F\),gesture,curious,unobserved,unobserved,unobserved,---,"VP wirkt gespannt, ob das klappt, was sie macht",VP macht 2x Wischbewegung oberhalb der Stehlampe,0,Floor lamp \(L_F\),Floor lamp \(L_F\),8,7,verbal,2,PH,LF,LF,LF,LF,None,Wisch,positive,unobserved,unobserved,TRUE
Light in the hallway \(L_H\),Apartment,Light in the hallway \(L_H\),speech,neutral,with Name,neutral,Command (words),__Licht!__,---,VP schaut nach oben zur Lampe und sagt:__Licht!__,212,Light in the hallway \(L_H\),Light in the hallway \(L_H\),9,1,verbal,1,ES,LH,LH,LH,LH,Licht,None,neutral,Command,Words,TRUE
Light in the hallway \(L_H\),Apartment,Light in the hallway \(L_H\),speech,neutral,with Name,neutral,Command (words),__Licht aus!__,---,VP schaut nach oben zur Lampe und sagt: __Licht aus!__,0,Light in the hallway \(L_H\),Light in the hallway \(L_H\),9,2,verbal,1,ES,LH,LH,LH,LH,Licht,None,neutral,Command,Words,TRUE
Screen (kitchen on worktop),Apartment,Screen (kitchen on worktop),speech,neutral,with Name,neutral,Command (words),__Musik!__,---,VP schaut den Bildschirm auf der Arbeitsplatte an und sagt: __Musik!__,0,Parts of the apartment,Parts of the apartment,9,3,verbal,1,ES,ScK,ScK,Ap,Ap,None,None,neutral,Command,Words,TRUE
Screen (kitchen on worktop),Apartment,Screen (kitchen on worktop),speech,neutral,with Name,neutral,Question (words),Ist ein Paket angekommen?,---,VP schaut den Bildschirm auf der Arbeitsfläche an und fragt: __ Ist ein Paket angekommen?__,0,Parts of the apartment,Parts of the apartment,9,4,verbal,1,ES,ScK,ScK,Ap,Ap,None,None,neutral,Question,Words,TRUE
Screen (kitchen on worktop),Apartment,Screen (kitchen on worktop),speech,neutral,with Name,neutral,Question (words),__Hat jemand angerufen?__,---,VP schaut den Bildschirm auf der Arbeitsfläche an und fragt: __Hat jemand angerufen?__,0,Parts of the apartment,Parts of the apartment,9,5,verbal,1,ES,ScK,ScK,Ap,Ap,None,None,neutral,Question,Words,TRUE
Screen (kitchen on worktop),Apartment,Screen (kitchen on worktop),speech,neutral,with Name,neutral,Question (sentence),__Wie spät ist es?__,---,VP schaut den Bildschirm auf der Arbeitsfläche an und fragt:__Wie spät ist es?__,640,Parts of the apartment,Parts of the apartment,9,6,verbal,1,ES,ScK,ScK,Ap,Ap,None,None,neutral,Question,Sentence,TRUE
Floor lamp \(L_F\),Floor lamp \(L_F\),Floor lamp \(L_F\),gesture,neutral,unobserved,unobserved,unobserved,---,---,"VP bewegt die Hand mehrmals an der Lampe entlang, berührt sie aber nicht",0,Floor lamp \(L_F\),Floor lamp \(L_F\),9,7,verbal,1,ES,LF,LF,LF,LF,None,None,neutral,unobserved,unobserved,TRUE
Light in the hallway \(L_H\),Apartment,Light in the hallway \(L_H\),gesture,neutral,with Name,neutral,Statement (words),__Licht im Flur!__,---,VP schaut nach oben und winkt Richtung Lampe und sagt leise: __Licht im Flur!__,0,Light in the hallway \(L_H\),Light in the hallway \(L_H\),11,1,verbal,2,ES,LH,LH,LH,LH,Licht,Winkt,neutral,Statement,Words,TRUE
Light in the hallway \(L_H\),Apartment,Light in the hallway \(L_H\),gesture,neutral,unobserved,unobserved,unobserved,---,---,VP winkt Richtung Licht im Flur nach oben,0,Light in the hallway \(L_H\),Light in the hallway \(L_H\),11,2,verbal,2,ES,LH,LH,LH,LH,None,Winkt,neutral,unobserved,unobserved,TRUE
Unspecific,Robot,Unspecific,speech,disappointed,with Name,neutral,Command (words),__Musik?!...Hallo?!...Ach Mann...__,"Als die VP __Ach Mann...__ sagt, kann man an der Tonlage die Enttäuschung erkennen",VP sagt laut in den Raum: __Musik?!...Hallo?!...Ach Mann...__,0,Unspecific,Unspecific,11,3,verbal,2,ES,U,U,U,U,None,None,negative,Command,Words,TRUE
Robot,Robot,Robot,speech,neutral,with Name,neutral,Question (sentence),"__Okay, jetzt... Habe ich in der letzten Zeit ein Paket bekommen?__",---,"VP fragt den Roboter: __Okay, jetzt... Habe ich in der letzten Zeit ein Paket bekommen?__",0,Robot,Robot,11,4,verbal,2,ES,R,R,R,R,None,None,neutral,Question,Sentence,TRUE
Robot,Robot,Robot,speech,neutral,with Name,neutral,Question (sentence),__Hat mich schon jemand angerufen?__,---,VP fragt den Roboter: __Hat mich schon jemand angerufen?__,0,Robot,Robot,11,5,verbal,2,ES,R,R,R,R,None,None,neutral,Question,Sentence,TRUE
Robot,Robot,Robot,speech,neutral,with Name,neutral,Question (sentence),__Und wieviel Uhr haben wir jetzt?__,---,VP fragt den Roboter: __Und wieviel Uhr haben wir jetzt?__,0,Robot,Robot,11,6,verbal,2,ES,R,R,R,R,None,None,neutral,Question,Sentence,TRUE
Floor lamp \(L_F\),Floor lamp \(L_F\),Floor lamp \(L_F\),touch,neutral,unobserved,unobserved,unobserved,---,---,"VP berührt die Lampe mehrmals oben, versucht die Helligkeit zu steuern",0,Floor lamp \(L_F\),Floor lamp \(L_F\),11,7,verbal,2,ES,LF,LF,LF,LF,None,None,neutral,unobserved,unobserved,TRUE
Light in the hallway \(L_H\),Apartment,Light in the hallway \(L_H\),speech,neutral,with Name,neutral,Command (words),Hier Licht an!,---,VP schaut nach oben zum Licht und sagt: __Hier Licht an!__,0,Light in the hallway \(L_H\),Light in the hallway \(L_H\),12,1,nonverbal,2,ES,LH,LH,LH,LH,Licht,None,neutral,Command,Words,TRUE
Light in the hallway \(L_H\),Apartment,Light in the hallway \(L_H\),speech,neutral,with Name,neutral,Command (words),Licht Flur aus!,---,VP schaut zum Licht und sagt: __Licht Flutr aus!__,0,Light in the hallway \(L_H\),Light in the hallway \(L_H\),12,2,nonverbal,2,ES,LH,LH,LH,LH,Licht,None,neutral,Command,Words,TRUE
Unspecific,Apartment,Unspecific,speech,neutral,with Name,neutral,Command (words),Musik an!,---,VP spricht in den Raum: __Musik an!__,0,Unspecific,Unspecific,12,3,nonverbal,2,ES,U,U,U,U,None,None,neutral,Command,Words,TRUE
Unspecific,Apartment,Screen (kitchen on worktop),speech,neutral,with Name,neutral,Command (words),Paket!,---,VP schaut auf den Bildschirm (Arbeitsfläche) und sagt: __Paket!__,0,Unspecific,Parts of the apartment,12,4,nonverbal,2,ES,U,ScK,U,Ap,None,None,neutral,Command,Words,FALSE
Unspecific,Apartment,Unspecific,speech,neutral,with Name,neutral,Command (words),Verpasste Anruffe!,---,VP spricht in den Raum: __Verpasste Anrufe!__,0,Unspecific,Unspecific,12,5,nonverbal,2,ES,U,U,U,U,None,None,neutral,Command,Words,TRUE
Unspecific,Apartment,Screen (kitchen on worktop),speech,neutral,with Name,neutral,Command (words),Uhrzeit!,---,VP schaut auf den Bildschirm und sagt: __Uhrzeit!__,0,Unspecific,Parts of the apartment,12,6,nonverbal,2,ES,U,ScK,U,Ap,None,None,neutral,Command,Words,FALSE
Floor lamp \(L_F\),Floor lamp \(L_F\),Floor lamp \(L_F\),gesture,neutral,unobserved,unobserved,unobserved,---,---,VP bewegt mit der Hanh vor der Lampe,0,Floor lamp \(L_F\),Floor lamp \(L_F\),12,7,nonverbal,2,ES,LF,LF,LF,LF,None,None,neutral,unobserved,unobserved,TRUE
Screen (kitchen on worktop),Apartment,Screen (kitchen on worktop),touch,neutral,unobserved,unobserved,unobserved,---,---,"VP spricht leise mit sich selbst (nicht erkennbar) und berührt den Bildschirm, dreht sich dann weg und geht",0,Parts of the apartment,Parts of the apartment,13,3,verbal,2,ES,ScK,ScK,Ap,Ap,None,None,neutral,unobserved,unobserved,TRUE
Floor lamp \(L_F\),Floor lamp \(L_F\),Floor lamp \(L_F\),touch,neutral,unobserved,unobserved,unobserved,---,---,"VP läst die Aufgabe konservativ, sie macht die Lampe am Schalter an und aus",0,Floor lamp \(L_F\),Floor lamp \(L_F\),13,7,verbal,2,ES,LF,LF,LF,LF,None,None,neutral,unobserved,unobserved,TRUE
Unspecific,Apartment,Switches (living room by the kitchen),speech,curious,with Name,neutral,Question (sentence),__Wo ist Musik?__,---,"VP schaut sich suchend um, guckt den Schalterblock an und fragt in den Raum: __Wo ist Musik?__",0,Unspecific,Parts of the apartment,15,2,nonverbal,2,ES,U,SwLk,U,Ap,None,None,positive,Question,Sentence,FALSE
Unspecific,Apartment,Switches (living room by the kitchen),speech,curious,with Name,neutral,Question (sentence),__Wo ist Musik?__,---,"VP schaut sich suchend um, guckt den Schalterblock an und fragt in den Raum: __Wo ist Musik?__",0,Unspecific,Parts of the apartment,15,3,nonverbal,2,ES,U,SwLk,U,Ap,None,None,positive,Question,Sentence,FALSE
Screen (kitchen on worktop),Apartment,Screen (kitchen on worktop),speech,neutral,with Name,neutral,Question (sentence),__Ist ein Paket für mich angekommen?__,---,VP schaut wieder auf den Bildschirm auf der Arbeitsfläche und fragt: __Ist ein Paket für mich angekommen?__,0,Parts of the apartment,Parts of the apartment,15,4,nonverbal,2,ES,ScK,ScK,Ap,Ap,None,None,neutral,Question,Sentence,TRUE
Unspecific,Apartment,Unspecific,speech,neutral,unobserved,unobserved,unobserved,---,---,VP fragt in den Raum: __Hatte ich einen Anruf?__,0,Unspecific,Unspecific,15,5,nonverbal,2,ES,U,U,U,U,None,None,neutral,unobserved,unobserved,TRUE
Screen (kitchen on worktop),Apartment,Screen (kitchen on worktop),speech,neutral,with Name,neutral,Question (sentence),__Wie spät ist es jetzt?__,---,VP schaut auf den Bildschirm auf der Arbeitsfäche und fragt: __Wie spät ist es jetzt?__,0,Parts of the apartment,Parts of the apartment,15,6,nonverbal,2,ES,ScK,ScK,Ap,Ap,None,None,neutral,Question,Sentence,TRUE
Floor lamp \(L_F\),Floor lamp \(L_F\),Floor lamp \(L_F\),touch,neutral,unobserved,unobserved,unobserved,---,---,"VP berührt mehrmals die Lampe, versucht die Helligkeit zu steuern",0,Floor lamp \(L_F\),Floor lamp \(L_F\),15,7,nonverbal,2,ES,LF,LF,LF,LF,None,None,neutral,unobserved,unobserved,TRUE
Light in the hallway \(L_H\),Apartment,Light in the hallway \(L_H\),gesture,neutral,unobserved,unobserved,unobserved,---,---,VP winkt dem Licht im Flur zu,0,Light in the hallway \(L_H\),Light in the hallway \(L_H\),17,1,verbal,1,PH,LH,LH,LH,LH,None,Winkt,neutral,unobserved,unobserved,TRUE
Light in the hallway \(L_H\),Apartment,Light in the hallway \(L_H\),speech,neutral,with Name,neutral,Command (words),__Licht im Flur aus.__,---,VP sagt: __Licht im Flur aus.__,0,Light in the hallway \(L_H\),Light in the hallway \(L_H\),17,2,verbal,1,PH,LH,LH,LH,LH,Licht,None,neutral,Command,Words,TRUE
Unspecific,Apartment,Unspecific,speech,neutral,with Name,neutral,Question (words),__Paket?__,---,VP fragt: __Paket?__,0,Unspecific,Unspecific,17,4,verbal,1,PH,U,U,U,U,None,None,neutral,Question,Words,TRUE
Unspecific,Apartment,Unspecific,speech,neutral,with Name,neutral,Question (sentence),__Ähm. gab es Anrufe?__,---,"VP fragt: __ähm, gab es Anrufe?__",0,Unspecific,Unspecific,17,5,verbal,1,PH,U,U,U,U,None,None,neutral,Question,Sentence,TRUE
Unspecific,Apartment,Unspecific,speech,neutral,with Name,neutral,Question (sentence),__Wie spät ist es?__,---,VP fragt: __Wie spät ist es?__,0,Unspecific,Unspecific,17,6,verbal,1,PH,U,U,U,U,None,None,neutral,Question,Sentence,TRUE
Floor lamp \(L_F\),Floor lamp \(L_F\),Floor lamp \(L_F\),touch,neutral,unobserved,unobserved,unobserved,---,---,VP berührt mehrfach die Stehlampe oben,0,Floor lamp \(L_F\),Floor lamp \(L_F\),17,7,verbal,1,PH,LF,LF,LF,LF,None,None,neutral,unobserved,unobserved,TRUE
Robot,Robot,Robot,speech,neutral,with Name,neutral,Question (sentence),__Kannst du mir helfen im Flur ein Licht anzumachen?__,---,VP fragt den Roboter: __Kannst du mir helfen im Flur ein Licht anzumachen?__,0,Robot,Robot,20,1,verbal,2,ES,R,R,R,R,Du,None,neutral,Question,Sentence,TRUE
Robot,Robot,Robot,speech,neutral,with Name,polite,Question (sentence),__Kannst du das wieder ab...schalten?__,---,VP fragt den Roboter:__Kannst du das wieder ab...schalten?__,0,Robot,Robot,20,2,verbal,2,ES,R,R,R,R,Du,None,neutral,Question,Sentence,TRUE
Robot,Robot,Robot,speech,neutral,with Name,polite,Question (sentence),__Und wo ist der Radio?__,---,VP fragt den Roboter: __Und wo ist der Radio?__,0,Robot,Robot,20,3,verbal,2,ES,R,R,R,R,None,None,neutral,Question,Sentence,TRUE
Robot,Robot,Robot,speech,neutral,with Name,polite,Question (sentence),__War die Post auch schon hier?__,---,VP fragt den Roboter: __war die Post auch schon hier?__,452,Robot,Robot,20,4,verbal,2,ES,R,R,R,R,None,None,neutral,Question,Sentence,TRUE
Robot,Robot,Robot,speech,neutral,with Name,polite,Question (sentence),__Hat heute schon jemand für mich angerufen?__,---,VP fragt den Roboter: __Hat heute schon jemand für mich angerufen?__,0,Robot,Robot,20,5,verbal,2,ES,R,R,R,R,None,None,neutral,Question,Sentence,TRUE
Robot,Robot,Robot,speech,neutral,with Name,polite,Question (sentence),__Wie spät ist es jetzt?__,---,VP fragt den Roboter: __wie spät ist es jetzt?__,0,Robot,Robot,20,6,verbal,2,ES,R,R,R,R,None,None,neutral,Question,Sentence,TRUE
Unspecific,Floor lamp \(L_F\),Floor lamp \(L_F\),gesture,surprised,unobserved,unobserved,unobserved,---,"VP ist überrascht, als das Licht zufällig angegangen ist","VP schaut sich die Lampe an, macht wieder eine fragende Handbewegung in der Nähe der Lampe, das Licht geht an",0,Unspecific,Floor lamp \(L_F\),20,7,verbal,2,ES,U,LF,U,LF,None,None,positive,unobserved,unobserved,FALSE
Light in the hallway \(L_H\),Apartment,Light in the hallway \(L_H\),gesture,neutral,unobserved,unobserved,unobserved,---,---,VP macht winkende Bewebungen mir demArm nach oben zur Lampe gerichtet,0,Light in the hallway \(L_H\),Light in the hallway \(L_H\),21,1,verbal,1,ES,LH,LH,LH,LH,None,Winkt,neutral,unobserved,unobserved,TRUE
Sliding door (between hallway and kitchen),Apartment,Light in the hallway \(L_H\),touch,neutral,unobserved,unobserved,unobserved,---,---,VP schlißt die Schiebetür,0,Parts of the apartment,Light in the hallway \(L_H\),21,2,verbal,1,ES,D,LH,Ap,LH,None,None,neutral,unobserved,unobserved,FALSE
Robot,Robot,Robot,speech,neutral,with Name,neutral,Statement (sentence),__Ich möchte Musik hören__,---,VP spricht den Roboter an: __Ich möchte Musik hören__,0,Robot,Robot,21,3,verbal,1,ES,R,R,R,R,None,None,neutral,Statement,Sentence,TRUE
Robot,Robot,Robot,speech,neutral,with Name,neutral,Question (sentence),ist ein Paket für mich angekommen?,---,VP fragt den Roboter: __ist ein Paket für mich angekommen?__,0,Robot,Robot,21,4,verbal,1,ES,R,R,R,R,None,None,neutral,Question,Sentence,TRUE
Robot,Robot,Robot,speech,neutral,with Name,neutral,Question (sentence),__Hat jemand für mich angerufen?__,---,VP fragt Roboter: __Hat jemand für mich angerufen?__,0,Robot,Robot,21,5,verbal,1,ES,R,R,R,R,None,None,neutral,Question,Sentence,TRUE
Robot,Robot,Robot,speech,neutral,with Name,neutral,Question (sentence),__Wieviel Uhr ist es gerade?__,---,VP fragt Roboter: __wieviel Uhr ist es gerade?__,0,Robot,Robot,21,6,verbal,1,ES,R,R,R,R,None,None,neutral,Question,Sentence,TRUE
Floor lamp \(L_F\),Floor lamp \(L_F\),Floor lamp \(L_F\),gesture,neutral,unobserved,unobserved,unobserved,---,---,"VP macht Handbewegungen an der Lampe entlang, berührt die aber nicht",0,Floor lamp \(L_F\),Floor lamp \(L_F\),21,7,verbal,1,ES,LF,LF,LF,LF,None,None,neutral,unobserved,unobserved,TRUE
Light in the hallway \(L_H\),Apartment,Light in the hallway \(L_H\),speech,neutral,with Name,neutral,Question (words),__Licht?__,---,VP guckt Licht im Flur an und fragt: __Licht?__,0,Light in the hallway \(L_H\),Light in the hallway \(L_H\),22,1,nonverbal,2,PH,LH,LH,LH,LH,Licht,None,neutral,Question,Words,TRUE
Light in the hallway \(L_H\),Apartment,Light in the hallway \(L_H\),speech,neutral,with Name,neutral,Command (words),__Licht aus.__,---,VP sagt __Licht aus.__,0,Light in the hallway \(L_H\),Light in the hallway \(L_H\),22,2,nonverbal,2,PH,LH,LH,LH,LH,Licht,None,neutral,Command,Words,TRUE
Unspecific,Apartment,Unspecific,speech,neutral,with Name,neutral,Command (words),__Musik.__,---,VP sagt: __Musik__,0,Unspecific,Unspecific,22,3,nonverbal,2,PH,U,U,U,U,None,None,neutral,Command,Words,TRUE
Screen (kitchen on worktop),Apartment,Screen (kitchen on worktop),speech,neutral,with Name,neutral,Question (words),__An. Post?__,---,VP sagt __An. Post?__,0,Parts of the apartment,Parts of the apartment,22,4,nonverbal,2,PH,ScK,ScK,Ap,Ap,None,None,neutral,Question,Words,TRUE
Unspecific,Robot,Unspecific,speech,neutral,with Name,neutral,Question (words),__Anruf?__,---,VP fragt __Anruf?__,1036,Unspecific,Unspecific,22,5,nonverbal,2,PH,U,U,U,U,None,None,neutral,Question,Words,TRUE
Screen (living room wall),Apartment,Screen (living room wall),speech,neutral,with Name,neutral,Question (words),__Uhrzeit?__,---,VP fragt __Uhrzeit?__,0,Parts of the apartment,Parts of the apartment,22,6,nonverbal,2,PH,ScLwa,ScLwa,Ap,Ap,None,None,neutral,Question,Words,TRUE
Screen (entrance),Apartment,Screen (entrance),gesture,neutral,unobserved,unobserved,unobserved,---,---,"VP macht zwei Bewegungen: einmal  eine Art Schlagbewegung in Richtung eines Schalters, dann eine Wischbewegung vor einem Bildschirm am Apartmenteingang",0,Parts of the apartment,Parts of the apartment,23,1,nonverbal,1,PH,ScE,ScE,Ap,Ap,None,Wisch,neutral,unobserved,unobserved,TRUE
Switches (entrance),Apartment,Switches (entrance),gesture,neutral,unobserved,unobserved,unobserved,---,---,"Nicht klar erkennbar, es sieht aus wie eine Wischbewegung vor dem Schalter",0,Parts of the apartment,Parts of the apartment,23,2,nonverbal,1,PH,SwE,SwE,Ap,Ap,None,Wisch,neutral,unobserved,unobserved,TRUE
Screen (living room table),Apartment,Screen (living room table),touch,neutral,unobserved,unobserved,unobserved,---,---,VP berührt und macht Wischbewegungen über den Tisch,0,Parts of the apartment,Parts of the apartment,23,3,nonverbal,1,PH,ScLt,ScLt,Ap,Ap,None,Wisch,neutral,unobserved,unobserved,TRUE
Screen (entrance),Apartment,Screen (entrance),touch,neutral,unobserved,unobserved,unobserved,---,---,VP berührt den Bildschirm am Apartmenteingang,0,Parts of the apartment,Parts of the apartment,23,4,nonverbal,1,PH,ScE,ScE,Ap,Ap,None,None,neutral,unobserved,unobserved,TRUE
Screen (living room table),Apartment,Screen (living room table),touch,curious,unobserved,unobserved,unobserved,---,VPlacht über ihren eigenen Lösungsversuch,VP berührt mehrfach den Bildschirm,0,Parts of the apartment,Parts of the apartment,23,5,nonverbal,1,PH,ScLt,ScLt,Ap,Ap,None,None,positive,unobserved,unobserved,TRUE
Screen (living room table),Apartment,Screen (living room table),touch,neutral,unobserved,unobserved,unobserved,---,---,VP berührt wieder den Tisch,0,Parts of the apartment,Parts of the apartment,23,6,nonverbal,1,PH,ScLt,ScLt,Ap,Ap,None,None,neutral,unobserved,unobserved,TRUE
Floor lamp \(L_F\),Floor lamp \(L_F\),Floor lamp \(L_F\),gesture,neutral,unobserved,unobserved,unobserved,---,---,VP macht Wischbewegungen oberhalb und seitlich der Lampe,0,Floor lamp \(L_F\),Floor lamp \(L_F\),23,7,nonverbal,1,PH,LF,LF,LF,LF,None,Wisch,neutral,unobserved,unobserved,TRUE
Screen (entrance),Apartment,Screen (entrance),touch,neutral,unobserved,unobserved,unobserved,---,---,VP berührt den Bildschirm am Apartmenteingang,0,Parts of the apartment,Parts of the apartment,24,1,verbal,2,PH,ScE,ScE,Ap,Ap,None,None,neutral,unobserved,unobserved,TRUE
Light in the hallway \(L_H\),Apartment,Light in the hallway \(L_H\),speech,neutral,with Name,neutral,Command (words),__Licht aus.__,---,VP sagt: __Licht aus.__,0,Light in the hallway \(L_H\),Light in the hallway \(L_H\),24,2,verbal,2,PH,LH,LH,LH,LH,Licht,None,neutral,Command,Words,TRUE
Unspecific,Apartment,Unspecific,speech,neutral,with Name,neutral,Command (words),__Musik an.__,---,VP sagt in den Raum: __Musik an.__,0,Unspecific,Unspecific,24,3,verbal,2,PH,U,U,U,U,None,None,neutral,Command,Words,TRUE
Robot,Robot,Robot,speech,neutral,with Name,neutral,Question (sentence),__Ist für mich ein paket angekommen?__,---,VP fragt: __Ist für mich ein Paket angekommen?__,1306,Robot,Robot,24,4,verbal,2,PH,R,R,R,R,None,None,neutral,Question,Sentence,TRUE
Robot,Robot,Robot,speech,neutral,with Name,polite,Question (sentence),__Hat jemand für mich angerufen?__,---,VP fragt den Roboter: __Hat jemand für mich angerufen?__,0,Robot,Robot,24,5,verbal,2,PH,R,R,R,R,None,None,neutral,Question,Sentence,TRUE
Robot,Robot,Robot,speech,joyful,with Name,polite,Question (sentence),__Wie spät ist es?__,VP lächelt,VP fragt: __Wie spät ist es?__ und scheint zu lächeln,0,Robot,Robot,24,6,verbal,2,PH,R,R,R,R,None,None,positive,Question,Sentence,TRUE
Floor lamp \(L_F\),Floor lamp \(L_F\),Floor lamp \(L_F\),touch,neutral,unobserved,unobserved,unobserved,---,---,VP berührt die Lmpe mehrfach oben am Rand,0,Floor lamp \(L_F\),Floor lamp \(L_F\),24,7,verbal,2,PH,LF,LF,LF,LF,None,None,neutral,unobserved,unobserved,TRUE
Sliding door (between hallway and kitchen),Apartment,Sliding door (between hallway and kitchen),touch,neutral,unobserved,unobserved,unobserved,---,---,VP schließt die Apartmenttür,0,Parts of the apartment,Parts of the apartment,25,2,verbal,1,PH,D,D,Ap,Ap,None,None,neutral,unobserved,unobserved,TRUE
Loudspeaker (by the fridge),Apartment,Loudspeaker (by the fridge),speech,neutral,with Name,neutral,Command (words),__Musik.__,---,VP guckt die weiße Lautsprecherbox an und sagt: Musik,0,Parts of the apartment,Parts of the apartment,25,3,verbal,1,PH,Lo,Lo,Ap,Ap,None,None,neutral,Command,Words,TRUE
Unspecific,Apartment,Unspecific,speech,neutral,with Name,neutral,Question (words),__Post?__,---,VP sagt: __Post.__,0,Unspecific,Unspecific,25,4,verbal,1,PH,U,U,U,U,None,None,neutral,Question,Words,TRUE
Unspecific,Apartment,Unspecific,speech,neutral,with Name,neutral,Command (words),__Anrufe.__,---,VP sagt: __Anrufe.__,0,Unspecific,Unspecific,25,5,verbal,1,PH,U,U,U,U,None,None,neutral,Command,Words,TRUE
Unspecific,Apartment,Unspecific,speech,neutral,with Name,neutral,Command (words),__Uhrzeit.__,---,VP sagt Uhrzeit und guckt hoch,0,Unspecific,Unspecific,25,6,verbal,1,PH,U,U,U,U,None,None,neutral,Command,Words,TRUE
Floor lamp \(L_F\),Floor lamp \(L_F\),Floor lamp \(L_F\),touch,neutral,unobserved,unobserved,unobserved,---,---,VP berührt die Stehlampe,0,Floor lamp \(L_F\),Floor lamp \(L_F\),25,7,verbal,1,PH,LF,LF,LF,LF,None,None,neutral,unobserved,unobserved,TRUE
Light in the hallway \(L_H\),Apartment,Light in the hallway \(L_H\),speech,neutral,with Name,neutral,Command (words),__Beleuchtung an.__,---,VP sagt: __Beleuchtung an.__,0,Light in the hallway \(L_H\),Light in the hallway \(L_H\),26,1,nonverbal,2,PH,LH,LH,LH,LH,Licht,None,neutral,Command,Words,TRUE
Light in the hallway \(L_H\),Apartment,Light in the hallway \(L_H\),speech,neutral,with Name,neutral,Command (words),__Flurbeleuchtung aus.__,---,VP sagt: __Flurbeleuchtung aus.__,0,Light in the hallway \(L_H\),Light in the hallway \(L_H\),26,2,nonverbal,2,PH,LH,LH,LH,LH,None,None,neutral,Command,Words,TRUE
Unspecific,Apartment,Unspecific,speech,neutral,with Name,neutral,Command (words),__Musik an.__,---,VP sagt: __Musik an.__,0,Unspecific,Unspecific,26,3,nonverbal,2,PH,U,U,U,U,None,None,neutral,Command,Words,TRUE
Screen (living room wall),Apartment,Screen (living room wall),speech,neutral,with Name,neutral,Question (sentence),__Wurde etwas geliefert in meiner Abwesenheit? Wurde ein paket geliefert?__,---,"VP fragt, ob ein Paket gelifert wurde. Erkennt nicht, dass ihn das Tonsignal zum Paket führen soll",0,Parts of the apartment,Parts of the apartment,26,4,nonverbal,2,PH,ScLwa,ScLwa,Ap,Ap,None,None,neutral,Question,Sentence,TRUE
Unspecific,Apartment,Unspecific,speech,neutral,with Name,polite,Question (sentence),"__Verpasste Anrufe, bitte? Gab es verpasste Anrufe? Hat jemand angerufen?__",---,"VP sagt: __Verpasste Anrufe, bitte.__ und sieht zuerst die Lösung nicht. Fragt danach sprachlich leicht abgewandelt nach Anrufen.",0,Unspecific,Unspecific,26,5,nonverbal,2,PH,U,U,U,U,None,None,neutral,Question,Sentence,TRUE
Screen (living room wall),Apartment,Screen (living room wall),speech,neutral,with Name,neutral,Question (sentence),__Wie spät ist es jetzt? Wie viele Sekunden?__,---,VP fragt: __Wie spät ist es jetzt? Wie viele sekunden?__,307,Parts of the apartment,Parts of the apartment,26,6,nonverbal,2,PH,ScLwa,ScLwa,Ap,Ap,None,None,neutral,Question,Sentence,TRUE
Screen (living room table),Floor lamp \(L_F\),Screen (living room table),touch,neutral,unobserved,unobserved,unobserved,---,---,VP macht esrt Gestik zur Stehlampe. Da er das Gefühl hat das bringt  nichts fängt er dann an über den Tisch zu streichen,0,Parts of the apartment,Parts of the apartment,26,7,nonverbal,2,PH,ScLt,ScLt,Ap,Ap,None,None,neutral,unobserved,unobserved,TRUE
Screen (entrance),Apartment,Light in the hallway \(L_H\),touch,neutral,unobserved,unobserved,unobserved,---,---,VP berührt mehrmals den Bildschirm und schaut immer zwischen Licht oben und Bildschirm,0,Parts of the apartment,Light in the hallway \(L_H\),27,1,nonverbal,1,ES,ScE,LH,Ap,LH,None,Wisch,neutral,unobserved,unobserved,FALSE
Screen (kitchen on worktop),Apartment,Screen (kitchen on worktop),gesture,neutral,unobserved,unobserved,unobserved,---,---,VP winkt vor dem Bildschirm auf der Arbeitsfläche,0,Parts of the apartment,Parts of the apartment,27,2,nonverbal,1,ES,ScK,ScK,Ap,Ap,None,Winkt,neutral,unobserved,unobserved,TRUE
Screen (living room table),Apartment,Screen (living room table),touch,neutral,unobserved,unobserved,unobserved,---,---,VP berührt den Bildschirm (Wohnzimmertisch),0,Parts of the apartment,Parts of the apartment,27,3,nonverbal,1,ES,ScLt,ScLt,Ap,Ap,None,None,neutral,unobserved,unobserved,TRUE
Robot,Robot,Robot,gesture,neutral,unobserved,unobserved,unobserved,---,---,VP winkt dem Roboter zu,0,Robot,Robot,27,4,nonverbal,1,ES,R,R,R,R,None,Winkt,neutral,unobserved,unobserved,TRUE
Screen (kitchen on worktop),Apartment,Unspecific,gesture,neutral,unobserved,unobserved,unobserved,---,---,VP winkt mehrmals vor dem Bildschirm auf der Arbeitsfläche,0,Parts of the apartment,Unspecific,27,5,nonverbal,1,ES,ScK,U,Ap,U,None,Winkt,neutral,unobserved,unobserved,FALSE
Unspecific,Robot,Screen (living room wall),gesture,neutral,unobserved,unobserved,unobserved,---,---,VP wikt unspezifisch in den Raum und schaut auf den Bildschirm,0,Unspecific,Parts of the apartment,27,6,nonverbal,1,ES,U,ScLwa,U,Ap,None,None,neutral,unobserved,unobserved,FALSE
Screen (living room table),Floor lamp \(L_F\),Floor lamp \(L_F\),touch,neutral,unobserved,unobserved,unobserved,---,---,"VP berührt mehrmals den Bildschirm (Wohnzimmertisch), versucht die Helligkeit zu steuern",0,Parts of the apartment,Floor lamp \(L_F\),27,7,nonverbal,1,ES,ScLt,LF,Ap,LF,None,None,neutral,unobserved,unobserved,FALSE
Light in the hallway \(L_H\),Apartment,Light in the hallway \(L_H\),speech,neutral,with Name,neutral,Command (words),__Licht an.__,---,VP sagt: __Licht an.__,0,Light in the hallway \(L_H\),Light in the hallway \(L_H\),28,1,verbal,2,PH,LH,LH,LH,LH,Licht,None,neutral,Command,Words,TRUE
Light in the hallway \(L_H\),Apartment,Light in the hallway \(L_H\),speech,neutral,with Name,neutral,Command (words),__Licht im Flur aus.__,---,VP sagt: __Licht im Flur aus.__,0,Light in the hallway \(L_H\),Light in the hallway \(L_H\),28,2,verbal,2,PH,LH,LH,LH,LH,Licht,None,neutral,Command,Words,TRUE
Unspecific,Apartment,Unspecific,speech,neutral,with Name,neutral,Command (words),__musik an.__,---,VP sagt: __Musik an.__,0,Unspecific,Unspecific,28,3,verbal,2,PH,U,U,U,U,None,None,neutral,Command,Words,TRUE
Unspecific,Apartment,Unspecific,speech,neutral,with Name,neutral,Question (sentence),__Gibt es ein Paket für mich?__,---,VP fragt: __Gibt es ein Paket für mich?__,0,Unspecific,Unspecific,28,4,verbal,2,PH,U,U,U,U,None,None,neutral,Question,Sentence,TRUE
Screen (living room table),Apartment,Screen (living room table),touch,neutral,unobserved,unobserved,unobserved,---,---,VP berührt mehrfach kurz den Tisch,0,Parts of the apartment,Parts of the apartment,28,5,verbal,2,PH,ScLt,ScLt,Ap,Ap,None,None,neutral,unobserved,unobserved,TRUE
Screen (living room table),Apartment,Self,touch,neutral,unobserved,unobserved,unobserved,---,---,VP schaut auf die Aufgabenkarte und drückt gleichzeitig auf dem Tisch herum,0,Parts of the apartment,Unspecific,28,6,verbal,2,PH,ScLt,S,Ap,U,None,None,neutral,unobserved,unobserved,FALSE
Screen (living room table),Floor lamp \(L_F\),Floor lamp \(L_F\),touch,neutral,unobserved,unobserved,unobserved,---,---,VP berührt mehrfach den Tisch im Wohnzimmer und guckt zur Stehlampe,0,Parts of the apartment,Floor lamp \(L_F\),28,7,verbal,2,PH,ScLt,LF,Ap,LF,None,None,neutral,unobserved,unobserved,FALSE
Light in the hallway \(L_H\),Apartment,Light in the hallway \(L_H\),gesture,neutral,unobserved,unobserved,unobserved,---,---,VP winkt mit der Hand nach oben zur Lampe,0,Light in the hallway \(L_H\),Light in the hallway \(L_H\),29,1,verbal,1,ES,LH,LH,LH,LH,None,Winkt,neutral,unobserved,unobserved,TRUE
Robot,Robot,Robot,speech,curious,without Name,neutral,Command (words),Roboter! Licht aus!,"VP wirkt neugierig, ob das auch funktioniert..",VP spricht zu Roboter: __Roboter! Licht aus!__,0,Robot,Robot,29,2,verbal,1,ES,R,R,R,R,Roboter,None,positive,Command,Words,TRUE
Unspecific,Apartment,Unspecific,speech,baffled,with Name,neutral,Command (words),Musik hören,"VP wirkt verunsichert, ob das so funktioniert",VP schaut sich um und sagt: __Musik hören!__,0,Unspecific,Unspecific,29,3,verbal,1,ES,U,U,U,U,None,None,negative,Command,Words,TRUE
Robot,Robot,Robot,speech,neutral,without Name,neutral,Question (sentence),Roboter! Habe ich einen Paket bekommen?,---,VP fragt den Roboter: __Roboter! Habe ich einen Paket bekommen?__,0,Robot,Robot,29,4,verbal,1,ES,R,R,R,R,Roboter,None,neutral,Question,Sentence,TRUE
Robot,Robot,Robot,speech,neutral,without Name,neutral,Question (sentence),"Roboter, habe ich einen Anruf bekommen?",---,"VP fragt den Roboter: __Roboter, habe ich einen Antuf bekommen?__",0,Robot,Robot,29,5,verbal,1,ES,R,R,R,R,Roboter,None,neutral,Question,Sentence,TRUE
Robot,Robot,Robot,speech,neutral,with Name,neutral,Question (sentence),Und wie spät ist es jetzt?,---,VP fragt den Roboter: __Und wie spät ist es jetzt?__,0,Robot,Robot,29,6,verbal,1,ES,R,R,R,R,None,None,neutral,Question,Sentence,TRUE
Floor lamp \(L_F\),Floor lamp \(L_F\),Floor lamp \(L_F\),gesture,neutral,unobserved,unobserved,unobserved,---,---,"VP bewegt mit der Hand an der Lampe entlang, berührt die aber nicht",0,Floor lamp \(L_F\),Floor lamp \(L_F\),29,7,verbal,1,ES,LF,LF,LF,LF,None,None,neutral,unobserved,unobserved,TRUE
Light in the hallway \(L_H\),Apartment,Light in the hallway \(L_H\),speech,neutral,with Name,neutral,Command (words),__Licht an!__,---,VP sagt: __Licht an!__,0,Light in the hallway \(L_H\),Light in the hallway \(L_H\),30,1,nonverbal,2,ES,LH,LH,LH,LH,Licht,None,neutral,Command,Words,TRUE
Light in the hallway \(L_H\),Apartment,Light in the hallway \(L_H\),speech,neutral,with Name,neutral,Command (words),__Licht aus!__,---,VP schaut nach oben zum Licht und sagt:__Licht aus!__,0,Light in the hallway \(L_H\),Light in the hallway \(L_H\),30,2,nonverbal,2,ES,LH,LH,LH,LH,Licht,None,neutral,Command,Words,TRUE
Unspecific,Apartment,Unspecific,speech,neutral,with Name,neutral,Command (words),__Musik an!__,---,VP schaut nach oben in Richtung Kamera und sagt in den Raum: __Musik an!__,0,Unspecific,Unspecific,30,3,nonverbal,2,ES,U,U,U,U,None,None,neutral,Command,Words,TRUE
Robot,Robot,Robot,speech,neutral,with Name,neutral,Question (sentence),__Ist ein Paket für mich angekommen?__,---,VP fragt den Roboter: __Ist ein Paket für mich angekommen?__,0,Robot,Robot,30,4,nonverbal,2,ES,R,R,R,R,None,None,neutral,Question,Sentence,TRUE
Robot,Robot,Robot,speech,neutral,with Name,neutral,Question (sentence),__Hat jemand angerufen?__,---,VP fragt den Roboter:__Hat jemand angerufen?__,0,Robot,Robot,30,5,nonverbal,2,ES,R,R,R,R,None,None,neutral,Question,Sentence,TRUE
Robot,Robot,Robot,speech,neutral,with Name,neutral,Question (sentence),__Wie spät ist es?__,---,VP fragt den Roboter: __Wie spät ist es?__,0,Robot,Robot,30,6,nonverbal,2,ES,R,R,R,R,None,None,neutral,Question,Sentence,TRUE
Floor lamp \(L_F\),Floor lamp \(L_F\),Floor lamp \(L_F\),touch,neutral,unobserved,unobserved,unobserved,---,---,"VP berührt vorsichtig die Lampe, versucht durch die Dauer oder Wiederholung der Berührung die Helligkeit zu steuern",0,Floor lamp \(L_F\),Floor lamp \(L_F\),30,7,nonverbal,2,ES,LF,LF,LF,LF,None,None,neutral,unobserved,unobserved,TRUE
Unspecific,Apartment,Unspecific,touch,neutral,unobserved,unobserved,unobserved,---,---,VP schaut um die Ecke und berührt dabei die Wand im Flur,0,Unspecific,Unspecific,31,1,nonverbal,1,ES,U,U,U,U,None,None,neutral,unobserved,unobserved,TRUE
Light in the hallway \(L_H\),Apartment,Light in the hallway \(L_H\),touch,neutral,unobserved,unobserved,unobserved,---,---,VP schaut nach oben zu Lampe und berürt wieder die Wand,0,Light in the hallway \(L_H\),Light in the hallway \(L_H\),31,2,nonverbal,1,ES,LH,LH,LH,LH,None,None,neutral,unobserved,unobserved,TRUE
Furniture of apartment,Apartment,Furniture of apartment,touch,neutral,unobserved,unobserved,unobserved,---,---,VP schaltet den Timer am Backofen (konservativ),0,Parts of the apartment,Parts of the apartment,31,5,nonverbal,1,ES,F,F,Ap,Ap,None,None,neutral,unobserved,unobserved,TRUE
Floor lamp \(L_F\),Floor lamp \(L_F\),Floor lamp \(L_F\),gesture,joyful,unobserved,unobserved,unobserved,---,---,VP klatscht mit den Händen vor der Lampe,0,Floor lamp \(L_F\),Floor lamp \(L_F\),31,7,nonverbal,1,ES,LF,LF,LF,LF,None,Klatscht,positive,unobserved,unobserved,TRUE
Robot,Robot,Robot,speech,joyful,without Name,polite,Question (sentence),"__Kannst du mir helfen, Roboter?__ Die Tonlage ist höflich",VP lacht freudig-verunsichert,"VP spricht den Roboter an: __Kannst du mir helfen, Roboter?__ und lacht verunsichert",0,Robot,Robot,32,1,verbal,2,ES,R,R,R,R,Du,None,positive,Question,Sentence,TRUE
Light in the hallway \(L_H\),Apartment,Light in the hallway \(L_H\),speech,joyful,without Name,neutral,Command (words),"__Flur-Licht, aus!__",VP lacht,"VP schaut nach oben zur Lampe im Flur und sagt: __Flur-Licht, aus!__ und lacht dabei",0,Light in the hallway \(L_H\),Light in the hallway \(L_H\),32,2,verbal,2,ES,LH,LH,LH,LH,Licht,None,positive,Command,Words,TRUE
Unspecific,Apartment,Unspecific,speech,curious,with Name,neutral,Question (words),__Musik?!__,---,VP sagt: __Musik?!__,1217,Unspecific,Unspecific,32,3,verbal,2,ES,U,U,U,U,None,None,positive,Question,Words,TRUE
Unspecific,Apartment,Unspecific,speech,baffled,with Name,neutral,Question (words),__Handy?!__,"VP fraft und verzieht das Gesicht so, als ob sie nicht sicher wäre was sie da tut",VP sagt: __Handy?!__,1153,Unspecific,Unspecific,32,5,verbal,2,ES,U,U,U,U,None,None,negative,Question,Words,TRUE
Unspecific,Robot,Unspecific,speech,curious,with Name,neutral,Question (words),__Uhrzeit?!__,"VP scheint Spaß zu haben, neugierig-freudig",VP fragt: __Uhrzeit?!__,1209,Unspecific,Unspecific,32,6,verbal,2,ES,U,U,U,U,None,None,positive,Question,Words,TRUE
Floor lamp \(L_F\),Floor lamp \(L_F\),Floor lamp \(L_F\),gesture,neutral,unobserved,unobserved,unobserved,---,---,"VP bewegt ihre Hand an der Lampe entlang, ohne die zu berühren",0,Floor lamp \(L_F\),Floor lamp \(L_F\),32,7,verbal,2,ES,LF,LF,LF,LF,None,None,neutral,unobserved,unobserved,TRUE
Light in the hallway \(L_H\),Apartment,Light in the hallway \(L_H\),speech,joyful,with Name,neutral,Command (words),__Licht einschalten!__,VP lächelt,VP schaut nach oben zur Lampe und sagt: __Licht einschalten!__,0,Light in the hallway \(L_H\),Light in the hallway \(L_H\),34,1,nonverbal,2,ES,LH,LH,LH,LH,Licht,None,positive,Command,Words,TRUE
Light in the hallway \(L_H\),Apartment,Light in the hallway \(L_H\),speech,neutral,with Name,neutral,Command (words),__Licht im Flur ausschalten!__,---,VP schaut nach oben zur Lampeim Flur und sagt: __Licht im Flur ausschalten!__,0,Light in the hallway \(L_H\),Light in the hallway \(L_H\),34,2,nonverbal,2,ES,LH,LH,LH,LH,Licht,None,neutral,Command,Words,TRUE
Loudspeaker (by the fridge),Apartment,Loudspeaker (by the fridge),speech,neutral,unobserved,unobserved,unobserved,---,---,VP sagt in den Raum: __Musik einschalten!__,0,Parts of the apartment,Parts of the apartment,34,3,nonverbal,2,ES,Lo,Lo,Ap,Ap,None,None,neutral,unobserved,unobserved,TRUE
Screen (living room table),Apartment,Screen (living room table),speech,neutral,with Name,neutral,Question (sentence),__Ist ein Paket für mich angekommen?__,---,VP fragt: __ist ein Paket für mich angekommen?__ und schaut auf den Wohnzimmertisch,0,Parts of the apartment,Parts of the apartment,34,4,nonverbal,2,ES,ScLt,ScLt,Ap,Ap,None,None,neutral,Question,Sentence,TRUE
Unspecific,Apartment,Unspecific,speech,neutral,with Name,neutral,Question (sentence),__Hat jemand für mich angerufen?__,---,VP fragt in den Raum: __Hat jemand für mich angerufen?__,0,Unspecific,Unspecific,34,5,nonverbal,2,PH,U,U,U,U,None,None,neutral,Question,Sentence,TRUE
Unspecific,Apartment,Unspecific,speech,neutral,with Name,neutral,Question (sentence),__Wie spät ist es?__,---,VP guckt auf die Karte und fragt: __Wie spät ist es?__,454,Unspecific,Unspecific,34,6,nonverbal,2,ES,U,U,U,U,None,None,neutral,Question,Sentence,TRUE
Floor lamp \(L_F\),Floor lamp \(L_F\),Floor lamp \(L_F\),gesture,neutral,unobserved,unobserved,unobserved,---,---,"VP bewegt mehrmals die Hand entlang der Lampe, berührt sie aber nicht",0,Floor lamp \(L_F\),Floor lamp \(L_F\),34,7,nonverbal,2,ES,LF,LF,LF,LF,None,None,neutral,unobserved,unobserved,TRUE
Screen (entrance),Apartment,Screen (entrance),touch,neutral,unobserved,unobserved,unobserved,---,---,VP berührt den Bildschirm (Appartmenteingang),0,Parts of the apartment,Parts of the apartment,35,1,nonverbal,1,ES,ScE,ScE,Ap,Ap,None,None,neutral,unobserved,unobserved,TRUE
Sliding door (between hallway and kitchen),Apartment,Light in the hallway \(L_H\),touch,neutral,unobserved,unobserved,unobserved,---,---,VP macht die Schiebtür zu,0,Parts of the apartment,Light in the hallway \(L_H\),35,2,nonverbal,1,ES,D,LH,Ap,LH,None,None,neutral,unobserved,unobserved,FALSE
Unspecific,Apartment,Loudspeaker (by the fridge),speech,neutral,with Name,neutral,Command (words),Musik!,---,VP schaut weiße Lautsprecherbox auf dem Küchenschrank an und sagt: __Musik!__,0,Unspecific,Parts of the apartment,35,3,nonverbal,1,ES,U,Lo,U,Ap,None,None,neutral,Command,Words,FALSE
Robot,Robot,Robot,speech,neutral,with Name,neutral,Question (sentence),Ist heute ein Paket für mich angekommen?,---,VP fragt den Roboter: __Ist heute ein Paket für mich angekommen?__,0,Robot,Robot,35,4,nonverbal,1,ES,R,R,R,R,None,None,neutral,Question,Sentence,TRUE
Robot,Robot,Robot,speech,neutral,with Name,neutral,Question (sentence),Hat heute jemand angerufen?,---,VP fragt den Roboter: __Hat heute jemand angerufen?__,0,Robot,Robot,35,5,nonverbal,1,ES,R,R,R,R,None,None,neutral,Question,Sentence,TRUE
Screen (kitchen on worktop),Apartment,Screen (kitchen on worktop),speech,neutral,with Name,neutral,Question (sentence),Wie spät ist es jetzt?,---,VP schaut auf den Bildschirm und fragt: __Wie spät ist es jetzt?__,0,Parts of the apartment,Parts of the apartment,35,6,nonverbal,1,ES,ScK,ScK,Ap,Ap,None,None,neutral,Question,Sentence,TRUE
Floor lamp \(L_F\),Floor lamp \(L_F\),Floor lamp \(L_F\),gesture,neutral,unobserved,unobserved,unobserved,---,---,"VP macht Wischbewegungen über die Lampe, berührt die aber nicht",0,Floor lamp \(L_F\),Floor lamp \(L_F\),35,7,nonverbal,1,ES,LF,LF,LF,LF,None,Wisch,neutral,unobserved,unobserved,TRUE
Light in the hallway \(L_H\),Apartment,Light in the hallway \(L_H\),speech,neutral,with Name,neutral,Command (words),__Flur an.__,---,VP sagt: __Flur an.__,427,Light in the hallway \(L_H\),Light in the hallway \(L_H\),36,1,verbal,2,PH,LH,LH,LH,LH,None,None,neutral,Command,Words,TRUE
Self,Apartment,Self,speech,neutral,with Name,neutral,Command (words),__Flurlicht aus.__,---,VP sagt: __Flurlicht aus.__,0,Unspecific,Unspecific,36,2,verbal,2,PH,S,S,U,U,None,None,neutral,Command,Words,TRUE
Unspecific,Apartment,Unspecific,speech,neutral,with Name,neutral,Command (words),__Musik an.__,---,VP guckt in den Raum und sagt: __Musik an.__,0,Unspecific,Unspecific,36,3,verbal,2,PH,U,U,U,U,None,None,neutral,Command,Words,TRUE
Unspecific,Apartment,Unspecific,speech,neutral,with Name,neutral,Question (sentence),__Ist heute was für mich angekommen?__,---,VP fragt: __Ist heute etwas für mich angekommen?__,0,Unspecific,Unspecific,36,4,verbal,2,PH,U,U,U,U,None,None,neutral,Question,Sentence,TRUE
Unspecific,Apartment,Unspecific,speech,neutral,with Name,neutral,Question (sentence),__Hat mich heute schon jemand angerufen?__,---,VP fragt: __Hat mich heute schon jemand angerufen?__,0,Unspecific,Unspecific,36,5,verbal,2,PH,U,U,U,U,None,None,neutral,Question,Sentence,TRUE
Unspecific,Apartment,Self,speech,neutral,with Name,neutral,Question (sentence),__Wie viel Uhr haben wir jetzt?__,---,VP fragt: __Wie viel Uhr haben wir jetzt?__,0,Unspecific,Unspecific,36,6,verbal,2,PH,U,S,U,U,None,None,neutral,Question,Sentence,FALSE
Floor lamp \(L_F\),Floor lamp \(L_F\),Floor lamp \(L_F\),gesture,baffled,unobserved,unobserved,unobserved,---,"VP sieht ratlos aus, weiß nicht, dass er eigentlich schon fertig ist",VP versucht verschiedene Gesten seitlich und oberhalb der Lampe,0,Floor lamp \(L_F\),Floor lamp \(L_F\),36,7,verbal,2,PH,LF,LF,LF,LF,None,None,negative,unobserved,unobserved,TRUE
Light in the hallway \(L_H\),Apartment,Light in the hallway \(L_H\),speech,neutral,with Name,neutral,Command (words),__Licht an!__,---,"VP geht in Flur, schaut nach oben zur Lampe und sagt: __Licht an!__",0,Light in the hallway \(L_H\),Light in the hallway \(L_H\),37,1,verbal,1,ES,LH,LH,LH,LH,Licht,None,neutral,Command,Words,TRUE
Light in the hallway \(L_H\),Apartment,Light in the hallway \(L_H\),speech,neutral,with Name,neutral,Command (words),__Licht im Flur aus!__,---,VP sagt: __Licht im Flur aus!__,0,Light in the hallway \(L_H\),Light in the hallway \(L_H\),37,2,verbal,1,ES,LH,LH,LH,LH,Licht,None,neutral,Command,Words,TRUE
Unspecific,Apartment,Screen (living room wall),speech,neutral,with Name,neutral,Command (words),__Musik an!__,---,VP schaut den Bildschirm (Wohnzimmerwand) an und sagt: __Musik an!__,0,Unspecific,Parts of the apartment,37,3,verbal,1,ES,U,ScLwa,U,Ap,None,None,neutral,Command,Words,FALSE
Unspecific,Apartment,Screen (living room wall),speech,neutral,with Name,neutral,Question (sentence),__Habe ich Post bekommen?__,---,VP schaut wieder auf den Bildschirm (Wohnzimmerwand) und fragt: __Habe ich Post bekommen?__,1676,Unspecific,Parts of the apartment,37,4,verbal,1,ES,U,ScLwa,U,Ap,None,None,neutral,Question,Sentence,FALSE
Unspecific,Apartment,Unspecific,speech,neutral,with Name,neutral,Question (sentence),__Hat jemand für mich angerufen?__,---,VP schaut in den Raum und fragt: __Hat jemand für mich angerufen?__,0,Unspecific,Unspecific,37,5,verbal,1,ES,U,U,U,U,None,None,neutral,Question,Sentence,TRUE
Unspecific,Apartment,Unspecific,speech,neutral,with Name,neutral,Question (sentence),__Wie spät ist es?__,---,VP fragt: __Wie spät ist es?__,0,Unspecific,Unspecific,37,6,verbal,1,ES,U,U,U,U,None,None,neutral,Question,Sentence,TRUE
Floor lamp \(L_F\),Floor lamp \(L_F\),Floor lamp \(L_F\),touch,neutral,unobserved,unobserved,unobserved,---,---,"Beim ersten Versuch die Lampe zu Berühren stößt die VP die Lampe fast um, dann berürt VP die Lampe mehrmals an verschiedenen Stellen und versucht die Steuerung zu verstehen, es zeigt sich aber keine Regelmäßigkeit",0,Floor lamp \(L_F\),Floor lamp \(L_F\),37,7,verbal,1,ES,LF,LF,LF,LF,None,Zeigt,neutral,unobserved,unobserved,TRUE
Light in the hallway \(L_H\),Apartment,Light in the hallway \(L_H\),speech,neutral,without Name,neutral,Command (words),"__Flur, Licht!__",---,"VP schaut nach oben und sagt: __Flur, Licht!__",0,Light in the hallway \(L_H\),Light in the hallway \(L_H\),38,1,nonverbal,1,ES,LH,LH,LH,LH,Licht,None,neutral,Command,Words,TRUE
Apartment as a whole,Apartment,Light in the hallway \(L_H\),speech,neutral,without Name,neutral,Command (words),"__Flur, Licht! (Pause) Aus!__",---,"VP steht in der Küche, schaut nach oben zur Flur-Lampe und sagt: __ Flur, Licht! (Pause) Aus!__",0,Parts of the apartment,Light in the hallway \(L_H\),38,2,nonverbal,1,ES,A,LH,Ap,LH,Licht,None,neutral,Command,Words,FALSE
Apartment as a whole,Apartment,Unspecific,speech,neutral,without Name,neutral,Command (words),"__Musik!... Küche, Musik!__",---,"VP schaut sich suchend in der Küche um, sagt in den Raum: __Musik!... Küche, Musik!__",0,Parts of the apartment,Unspecific,38,3,nonverbal,1,ES,A,U,Ap,U,None,None,neutral,Command,Words,FALSE
Unspecific,Apartment,Unspecific,speech,neutral,unobserved,unobserved,unobserved,---,---,VP bewegt sich gerade in Richtung Küche und spricht in den Raum: __Paket!__,0,Unspecific,Unspecific,38,4,nonverbal,1,ES,U,U,U,U,None,None,neutral,unobserved,unobserved,TRUE
Unspecific,Apartment,Screen (kitchen on worktop),speech,neutral,with Name,neutral,Question (sentence),__Wie spät ist es?__,---,VP schaut auf das Bildschirm und fragt: __Wie spät ist es?__,0,Unspecific,Parts of the apartment,38,6,nonverbal,1,ES,U,ScK,U,Ap,None,None,neutral,Question,Sentence,FALSE
Floor lamp \(L_F\),Floor lamp \(L_F\),Floor lamp \(L_F\),gesture,neutral,unobserved,unobserved,unobserved,---,---,"VP bewegt mehrmals mit der Hand an der Lampe entlang, versucht die Helligkeit zu steuern",0,Floor lamp \(L_F\),Floor lamp \(L_F\),38,7,nonverbal,1,ES,LF,LF,LF,LF,None,None,neutral,unobserved,unobserved,TRUE
Screen (entrance),Apartment,Screen (entrance),touch,neutral,unobserved,unobserved,unobserved,---,---,VP berührt den Bildschirm (Appartmenteingang),0,Parts of the apartment,Parts of the apartment,39,1,verbal,2,ES,ScE,ScE,Ap,Ap,None,None,neutral,unobserved,unobserved,TRUE
Unspecific,Apartment,Unspecific,speech,neutral,with Name,neutral,Command (words),__Licht aus!__,---,VP sagt: __Licht aus!__,0,Unspecific,Unspecific,39,2,verbal,2,ES,U,U,U,U,Licht,None,neutral,Command,Words,TRUE
Unspecific,Apartment,Unspecific,speech,neutral,with Name,neutral,Command (words),__Musik an!__,---,VP sagt in den Raum: __Musik an!__,0,Unspecific,Unspecific,39,3,verbal,2,ES,U,U,U,U,None,None,neutral,Command,Words,TRUE
Unspecific,Apartment,Unspecific,speech,neutral,with Name,neutral,Question (sentence),__Ist ein Paket für mich angekommen?__,---,VP fragt wieder in den Raum: __Ist ein Paket für mich angekommen?__,0,Unspecific,Unspecific,39,4,verbal,2,ES,U,U,U,U,None,None,neutral,Question,Sentence,TRUE
Unspecific,Apartment,Unspecific,speech,neutral,with Name,neutral,Question (sentence),__Hat jemand für mich angerufen?__,---,VP fragt in den Raum: __Hat jemand für mich angerufen?__,0,Unspecific,Unspecific,39,5,verbal,2,ES,U,U,U,U,None,None,neutral,Question,Sentence,TRUE
Unspecific,Apartment,Unspecific,speech,neutral,with Name,neutral,Question (sentence),__Wie spät ist es?__,---,VP fragt in den Raum:__ Wie spät ist es?__,0,Unspecific,Unspecific,39,6,verbal,2,ES,U,U,U,U,None,None,neutral,Question,Sentence,TRUE
Floor lamp \(L_F\),Floor lamp \(L_F\),Floor lamp \(L_F\),touch,neutral,unobserved,unobserved,unobserved,---,---,"VP berührt die Lampe oben nochmal, das Licht geht aus",0,Floor lamp \(L_F\),Floor lamp \(L_F\),39,7,verbal,2,ES,LF,LF,LF,LF,None,None,neutral,unobserved,unobserved,TRUE
Light in the hallway \(L_H\),Apartment,Light in the hallway \(L_H\),speech,neutral,with Name,neutral,Command (words),__Licht im Flur an.__,---,VP guckt zum Licht im Flur und sagt: __ Licht an.__,0,Light in the hallway \(L_H\),Light in the hallway \(L_H\),41,1,nonverbal,2,PH,LH,LH,LH,LH,Licht,None,neutral,Command,Words,TRUE
Light in the hallway \(L_H\),Apartment,Light in the hallway \(L_H\),speech,neutral,with Name,neutral,Command (words),Licht im Flur aus,---,VP sagt: __Licht im Flur aus.__,0,Light in the hallway \(L_H\),Light in the hallway \(L_H\),41,2,nonverbal,2,PH,LH,LH,LH,LH,Licht,None,neutral,Command,Words,TRUE
Unspecific,Apartment,Unspecific,speech,neutral,with Name,neutral,Command (words),__Muisk an.__,---,VP sagt: __Musik an.__,0,Unspecific,Unspecific,41,3,nonverbal,2,PH,U,U,U,U,None,None,neutral,Command,Words,TRUE
Screen (kitchen on worktop),Apartment,Unspecific,speech,neutral,with Name,neutral,Question (sentence),__Ist ein Paket angekommen?__,---,VP fragt: __Ist ein Paket angekommen?__,0,Parts of the apartment,Unspecific,41,4,nonverbal,2,PH,ScK,U,Ap,U,None,None,neutral,Question,Sentence,FALSE
Unspecific,Apartment,Unspecific,speech,neutral,with Name,neutral,Question (words),__Verpasste Anrufe?__,---,VP sagt: Verpasste Anrufe,0,Unspecific,Unspecific,41,5,nonverbal,2,PH,U,U,U,U,None,None,neutral,Question,Words,TRUE
Screen (kitchen on worktop),Apartment,Unspecific,speech,neutral,with Name,neutral,Question (sentence),__Wie spät ist es momentan?__,---,VP fragt: __Wie spät ist es momentan?__,0,Parts of the apartment,Unspecific,41,6,nonverbal,2,PH,ScK,U,Ap,U,None,None,neutral,Question,Sentence,FALSE
Screen (entrance),Apartment,Screen (entrance),touch,neutral,unobserved,unobserved,unobserved,---,---,VP berührt den Bildschirm im Apartmenteingang,0,Parts of the apartment,Parts of the apartment,43,1,nonverbal,1,ES,ScE,ScE,Ap,Ap,None,None,neutral,unobserved,unobserved,TRUE
Sliding door (between hallway and kitchen),Apartment,Light in the hallway \(L_H\),touch,neutral,unobserved,unobserved,unobserved,---,---,VP schießt die Schiebetür,0,Parts of the apartment,Light in the hallway \(L_H\),43,2,nonverbal,1,ES,D,LH,Ap,LH,None,None,neutral,unobserved,unobserved,FALSE
Screen (living room table),Apartment,Screen (living room table),touch,neutral,unobserved,unobserved,unobserved,---,---,VP berührt den Wohnzimmertisch und klopft leicht drauf,0,Parts of the apartment,Parts of the apartment,43,3,nonverbal,1,ES,ScLt,ScLt,Ap,Ap,None,None,neutral,unobserved,unobserved,TRUE
Robot,Robot,Robot,speech,neutral,with Name,polite,Question (sentence),Ist das Paket da?,---,VP fragt den Roboter: __Ist das Paket da?__,0,Robot,Robot,43,4,nonverbal,1,ES,R,R,R,R,None,None,neutral,Question,Sentence,TRUE
Robot,Robot,Robot,speech,neutral,with Name,neutral,Question (sentence),Hat mich jemand angerufen?,---,VP fragt den Roboter: __Hat mich jemand angerufen?__,0,Robot,Robot,43,5,nonverbal,1,ES,R,R,R,R,None,None,neutral,Question,Sentence,TRUE
Robot,Robot,Robot,speech,neutral,with Name,neutral,Question (sentence),Wie spät ist es?,---,VP fragt wieder den Roboter: __Wie spät ist es?__,0,Robot,Robot,43,6,nonverbal,1,ES,R,R,R,R,None,None,neutral,Question,Sentence,TRUE
Floor lamp \(L_F\),Floor lamp \(L_F\),Floor lamp \(L_F\),touch,neutral,unobserved,unobserved,unobserved,---,---,"VP berührt die Stehlampe oben, tippt mehrmals drauf, versucht die Helligkeit zu steuern",0,Floor lamp \(L_F\),Floor lamp \(L_F\),43,7,nonverbal,1,ES,LF,LF,LF,LF,None,None,neutral,unobserved,unobserved,TRUE
Light in the hallway \(L_H\),Apartment,Light in the hallway \(L_H\),speech,neutral,with Name,neutral,Command (words),__ja.. Licht an!__,---,"VP geht zum Flur, schaut nach oben zur Lampe und sagt: __ja.. Licht an!__",0,Light in the hallway \(L_H\),Light in the hallway \(L_H\),44,1,nonverbal,2,ES,LH,LH,LH,LH,Licht,None,neutral,Command,Words,TRUE
Light in the hallway \(L_H\),Apartment,Light in the hallway \(L_H\),gesture,neutral,unobserved,unobserved,unobserved,---,---,VP schnippt mit den Fingern,0,Light in the hallway \(L_H\),Light in the hallway \(L_H\),44,2,nonverbal,2,ES,LH,LH,LH,LH,None,None,neutral,unobserved,unobserved,TRUE
Loudspeaker (by the fridge),Apartment,Loudspeaker (by the fridge),speech,neutral,unobserved,unobserved,unobserved,---,---,"VP schaut nach oben zur Musikbox auf dem Kühlschrank und sagt: __ja, Musik an!__",0,Parts of the apartment,Parts of the apartment,44,3,nonverbal,2,ES,Lo,Lo,Ap,Ap,None,None,neutral,unobserved,unobserved,TRUE
Screen (kitchen on worktop),Apartment,Screen (kitchen on worktop),speech,neutral,with Name,neutral,Question (sentence),__Ist eigentlich mein Paket heute angekommen?__,---,VP schut auf den Bildschirm auf der Arbeitsfläche und fragt: __Ist eigentlich mein Paket heute angekommen?__,0,Parts of the apartment,Parts of the apartment,44,4,nonverbal,2,ES,ScK,ScK,Ap,Ap,None,None,neutral,Question,Sentence,TRUE
Unspecific,Apartment,Self,speech,neutral,with Name,neutral,Command (sentence),__ja... check mal meine Nachrichten hier!__,---,"__VP schaut noch auf die Karte sagt unspezifisch in den Raum: ja, check mal meine Nachrichten ghier!__",0,Unspecific,Unspecific,44,5,nonverbal,2,ES,U,S,U,U,None,None,neutral,Command,Sentence,FALSE
Unspecific,Apartment,Unspecific,speech,neutral,with Name,neutral,Question (sentence),__ja... Wie spät ist es eigentlich?__,---,VP spricht in den Raum: __ ja... Wie spät ist es eigentlich?__ und schaut wieder auf den Bildschirm auf der Arbeitsfläche,0,Unspecific,Unspecific,44,6,nonverbal,2,ES,U,U,U,U,None,None,neutral,Question,Sentence,TRUE
Floor lamp \(L_F\),Floor lamp \(L_F\),Floor lamp \(L_F\),gesture,curious,unobserved,unobserved,unobserved,---,"VP scheint einen Spaß zu machen, ist neugierig was passiert","VP macht eine Drehbewegung mit der Hand vor der Lampe, als ob er an einem Knopf drehen würde, lächelt und schaut sofort wieder auf die Karte",270,Floor lamp \(L_F\),Floor lamp \(L_F\),44,7,nonverbal,2,ES,LF,LF,LF,LF,None,None,positive,unobserved,unobserved,TRUE
Light in the hallway \(L_H\),Apartment,Light in the hallway \(L_H\),speech,neutral,with Name,neutral,Command (words),Licht an!,---,VP schaut nach oben zum Licht und sagt: __Licht an!__,0,Light in the hallway \(L_H\),Light in the hallway \(L_H\),45,1,nonverbal,1,ES,LH,LH,LH,LH,Licht,None,neutral,Command,Words,TRUE
Light in the hallway \(L_H\),Apartment,Light in the hallway \(L_H\),speech,neutral,with Name,neutral,Command (words),Licht aus!,---,VP schaut nach oben zum Licht und sagt: __Licht aus!__,0,Light in the hallway \(L_H\),Light in the hallway \(L_H\),45,2,nonverbal,1,ES,LH,LH,LH,LH,Licht,None,neutral,Command,Words,TRUE
Unspecific,Apartment,Unspecific,speech,neutral,with Name,neutral,Command (words),Musik an!,---,VP schaut nach oben und spricht in den Raum: __Musik an!__,0,Unspecific,Unspecific,45,3,nonverbal,1,ES,U,U,U,U,None,None,neutral,Command,Words,TRUE
Unspecific,Apartment,Unspecific,speech,neutral,with Name,neutral,Command (words),Paket?!,---,VP spricht in den raum: __Paket?!__,0,Unspecific,Unspecific,45,4,nonverbal,1,ES,U,U,U,U,None,None,neutral,Command,Words,TRUE
Unspecific,Apartment,Unspecific,speech,neutral,with Name,neutral,Command (words),Anrufe!,---,VP spricht in den Raum: __Anrufe!__,0,Unspecific,Unspecific,45,5,nonverbal,1,ES,U,U,U,U,None,None,neutral,Command,Words,TRUE
Unspecific,Apartment,Screen (kitchen on worktop),speech,neutral,with Name,neutral,Question (sentence),Wieviel Uhr ist es?,---,VP schaut auf den Bildschirm und ftagt: __Wieviel Uhr ist es?__,0,Unspecific,Parts of the apartment,45,6,nonverbal,1,ES,U,ScK,U,Ap,None,None,neutral,Question,Sentence,FALSE
Floor lamp \(L_F\),Floor lamp \(L_F\),Floor lamp \(L_F\),gesture,neutral,unobserved,unobserved,unobserved,---,---,VP klatscht in die Hände vor der Stehlampe,0,Floor lamp \(L_F\),Floor lamp \(L_F\),45,7,nonverbal,1,ES,LF,LF,LF,LF,None,Klatscht,neutral,unobserved,unobserved,TRUE
Light in the hallway \(L_H\),Apartment,Unspecific,speech,neutral,with Name,neutral,Command (words),__Licht an.__,---,VP schaut hoch und sagt dann: __Licht an.__,516,Light in the hallway \(L_H\),Unspecific,46,1,verbal,2,PH,LH,U,LH,U,Licht,None,neutral,Command,Words,FALSE
Light in the hallway \(L_H\),Apartment,Light in the hallway \(L_H\),speech,neutral,with Name,neutral,Command (words),__Licht Flur aus.__,---,VP sagt: __Licht Flur aus.__,0,Light in the hallway \(L_H\),Light in the hallway \(L_H\),46,2,verbal,2,PH,LH,LH,LH,LH,Licht,None,neutral,Command,Words,TRUE
Self,Apartment,Self,speech,neutral,with Name,neutral,Command (words),__Muisk an.__,---,VP sagt:__Musik an.__,0,Unspecific,Unspecific,46,3,verbal,2,PH,S,S,U,U,None,None,neutral,Command,Words,TRUE
Self,Apartment,Self,speech,neutral,with Name,neutral,Question (sentence),__Gibt es Pakete?__,---,VP fragt: __Gibt es Pakete?__,0,Unspecific,Unspecific,46,4,verbal,2,PH,S,S,U,U,None,None,neutral,Question,Sentence,TRUE
Unspecific,Apartment,Unspecific,speech,neutral,with Name,neutral,Question (sentence),__Gibt es vergangene Anrufe?__,---,VP fragt: __Gibt es vergangene Anrufe?__,0,Unspecific,Unspecific,46,5,verbal,2,PH,U,U,U,U,None,None,neutral,Question,Sentence,TRUE
Self,Apartment,Self,speech,neutral,unobserved,unobserved,unobserved,---,---,VP fragt: __Wie spät ist es jetzt?__,0,Unspecific,Unspecific,46,6,verbal,2,PH,S,S,U,U,None,None,neutral,unobserved,unobserved,TRUE
Floor lamp \(L_F\),Floor lamp \(L_F\),Floor lamp \(L_F\),touch,neutral,unobserved,unobserved,unobserved,---,---,VP berührt die Stehlampe oben am Ring,0,Floor lamp \(L_F\),Floor lamp \(L_F\),46,7,verbal,2,PH,LF,LF,LF,LF,None,None,neutral,unobserved,unobserved,TRUE
Light in the hallway \(L_H\),Apartment,Light in the hallway \(L_H\),gesture,neutral,with Name,neutral,Statement (sentence),__Es geht wahrscheinlich um diese Lampe.__,---,Sprache und Geste: VP sagt: __Es geht wahrscheinlich um diese Lampe.__ und zeigt in Richtung der Lampe,0,Light in the hallway \(L_H\),Light in the hallway \(L_H\),48,1,nonverbal,1,PH,LH,LH,LH,LH,Licht,Zeigt,neutral,Statement,Sentence,TRUE
Light in the hallway \(L_H\),Apartment,Light in the hallway \(L_H\),speech,neutral,with Name,neutral,Command (sentence),"__Es wäre gut, wenn das Licht im Flur jetzt wieder ausgehe.__",---,"VP sagt:__Es wäre gut, wenn das Licht im Flur jetzt wieder ausgehe.__",0,Light in the hallway \(L_H\),Light in the hallway \(L_H\),48,2,nonverbal,1,PH,LH,LH,LH,LH,Licht,None,neutral,Command,Sentence,TRUE
Unspecific,Apartment,Unspecific,speech,neutral,with Name,neutral,Command (sentence),"__J, ich habe richtig Lust auf Musik.__",---,"VP sagt: __Ja, ich habe jetzt richtig Lust auf Musik.__",0,Unspecific,Unspecific,48,3,nonverbal,1,PH,U,U,U,U,None,None,neutral,Command,Sentence,TRUE
Unspecific,Apartment,Unspecific,speech,neutral,with Name,neutral,Question (sentence),__Habe ich heute Post bekommen?__,---,"VP redet mit sich selbst und zwischendurch fragt sie: __Paket, wo bist du?__. Der finale Lösungsversuch ist dann: __Habe ich heute Post bekommen?__",0,Unspecific,Unspecific,48,4,nonverbal,1,PH,U,U,U,U,None,Wisch,neutral,Question,Sentence,TRUE
Unspecific,Apartment,Unspecific,speech,neutral,with Name,neutral,Question (sentence),"__Hat mich hete jemand angerufen, vielleicht?__",---,"VP fragt: __Hat mich heute jemand angerufen, vielleicht?.__",0,Unspecific,Unspecific,48,5,nonverbal,1,PH,U,U,U,U,None,None,neutral,Question,Sentence,TRUE
Screen (kitchen on worktop),Apartment,Screen (kitchen on worktop),speech,neutral,with Name,neutral,Question (sentence),__Wann war denn das wohl? Wie spät ist es denn jetzt?__,---,VP fragt: __wann war denn das wohl? Wie spät ist es denn jetzt?__,0,Parts of the apartment,Parts of the apartment,48,6,nonverbal,1,PH,ScK,ScK,Ap,Ap,None,None,neutral,Question,Sentence,TRUE
Floor lamp \(L_F\),Floor lamp \(L_F\),Unspecific,touch,baffled,unobserved,unobserved,unobserved,---,VP wirkt unsicher / ratlos,VP berührt mehrfach die Lampe ohne hin zu sehen. Macht verlegenen Gesichtsausdruck,0,Floor lamp \(L_F\),Unspecific,48,7,nonverbal,1,PH,LF,U,LF,U,None,None,negative,unobserved,unobserved,FALSE
Unspecific,Apartment,Unspecific,speech,neutral,with Name,neutral,Command (words),Licht Flur an!,---,VP schaut noch auf die Karte und sagt dann in den Raum: __Licht Flur an!__,0,Unspecific,Unspecific,49,1,verbal,2,ES,U,U,U,U,Licht,None,neutral,Command,Words,TRUE
Unspecific,Apartment,Unspecific,speech,neutral,with Name,neutral,Command (words),Licht Flur wieder aus!,---,"VP steht in der Küche, schaut in den Raum und sagt: __Licht Flur wieder aus!__",0,Unspecific,Unspecific,49,2,verbal,2,ES,U,U,U,U,Licht,None,neutral,Command,Words,TRUE
Unspecific,Apartment,Unspecific,speech,neutral,with Name,neutral,Command (words),Musik an!,---,VP schaut noch auf die Karte und sagt in de n Raum: __Musik an!__,0,Unspecific,Unspecific,49,3,verbal,2,ES,U,U,U,U,None,None,neutral,Command,Words,TRUE
Unspecific,Apartment,Unspecific,speech,neutral,with Name,neutral,Question (sentence),Ist ein Paket für mich angekommen?,---,VP fragt in den Raum:__Ist ein Paket für mich angekommen?__,7,Unspecific,Unspecific,49,4,verbal,2,ES,U,U,U,U,None,None,neutral,Question,Sentence,TRUE
Unspecific,Apartment,Unspecific,speech,neutral,with Name,neutral,Command (words),__Anrufe für mich!__,---,VP spricht in den Raum: __Anrufe für mich!__,562,Unspecific,Unspecific,49,5,verbal,2,ES,U,U,U,U,None,None,neutral,Command,Words,TRUE
Unspecific,Apartment,Not discernible,speech,neutral,with Name,neutral,Question (sentence),__Wie spät ist es jetzt?__,---,__Wie spät ist es jetzt?__,0,Unspecific,Unspecific,49,6,verbal,2,ES,U,Nd,U,U,None,None,neutral,Question,Sentence,FALSE
Floor lamp \(L_F\),Floor lamp \(L_F\),Floor lamp \(L_F\),gesture,neutral,unobserved,unobserved,unobserved,---,---,"VP bewegt mit der Hand in der Nähe der Lampe, wartet was passiert und bewegt die Hand nochmal",0,Floor lamp \(L_F\),Floor lamp \(L_F\),49,7,verbal,2,ES,LF,LF,LF,LF,None,None,neutral,unobserved,unobserved,TRUE
Switches (entrance),Apartment,Switches (entrance),gesture,neutral,unobserved,unobserved,unobserved,---,---,VP bewegt mit der Hand vor dem Schalterblock im Eingang,0,Parts of the apartment,Parts of the apartment,50,1,verbal,1,ES,SwE,SwE,Ap,Ap,None,None,neutral,unobserved,unobserved,TRUE
Switches (kitchen by the fridge),Apartment,Switches (kitchen by the fridge),gesture,neutral,unobserved,unobserved,unobserved,---,---,VP bewegt mit der Hand vor dem Schalterblock in der Küche,0,Parts of the apartment,Parts of the apartment,50,2,verbal,1,ES,SwK,SwK,Ap,Ap,None,None,neutral,unobserved,unobserved,TRUE
Switches (living room by the kitchen),Apartment,Switches (living room by the kitchen),gesture,neutral,unobserved,unobserved,unobserved,---,---,VP bewegt mit der Hand vor dem Lichtschalter im Wohnzimmer,0,Parts of the apartment,Parts of the apartment,50,3,verbal,1,ES,SwLk,SwLk,Ap,Ap,None,None,neutral,unobserved,unobserved,TRUE
Screen (entrance),Apartment,Screen (entrance),gesture,neutral,unobserved,unobserved,unobserved,---,---,VP winkt vor dem Bildschirm im Eingang,0,Parts of the apartment,Parts of the apartment,50,6,verbal,1,ES,ScE,ScE,Ap,Ap,None,Winkt,neutral,unobserved,unobserved,TRUE
Floor lamp \(L_F\),Floor lamp \(L_F\),Switches (living room lamp),gesture,neutral,unobserved,unobserved,unobserved,---,---,"VP macht mehrere Wischbewegungen vor dem Schalter hinter der Stehlampe, versucht die Helligkeit zu steuern, freut sich, dass es funktioniert",0,Floor lamp \(L_F\),Parts of the apartment,50,7,verbal,1,ES,LF,SwLl,LF,Ap,None,Wisch,neutral,unobserved,unobserved,FALSE
Light in the hallway \(L_H\),Apartment,Light in the hallway \(L_H\),speech,joyful,with Name,neutral,Command (words),Licht!,---,VP schaut nach oben zum Licht und sagt: __Licht!__,0,Light in the hallway \(L_H\),Light in the hallway \(L_H\),51,1,verbal,2,ES,LH,LH,LH,LH,Licht,None,positive,Command,Words,TRUE
Light in the hallway \(L_H\),Apartment,Light in the hallway \(L_H\),speech,joyful,with Name,neutral,Command (words),Licht aus!,---,VP schaut nach oben zum LIcht und sagt: __Licht aus!__,0,Light in the hallway \(L_H\),Light in the hallway \(L_H\),51,2,verbal,2,ES,LH,LH,LH,LH,Licht,None,positive,Command,Words,TRUE
Unspecific,Apartment,Loudspeaker (by the fridge),speech,neutral,with Name,neutral,Command (words),Licht ein!,---,VP schaut sich in der Küche um und spricht in den Raum nach oben: __Musik ein! und schaut auf die weiße Lautsprecherbox__,0,Unspecific,Parts of the apartment,51,3,verbal,2,ES,U,Lo,U,Ap,Licht,None,neutral,Command,Words,FALSE
Unspecific,Apartment,Unspecific,speech,neutral,with Name,polite,Question (sentence),Ist ein Paket für mich angekommen?,---,VP schut auf ihre Karte und fragt in den Raum: __Ist ein Paket für mich angekommen?__,0,Unspecific,Unspecific,51,4,verbal,2,ES,U,U,U,U,None,None,neutral,Question,Sentence,TRUE
Unspecific,Apartment,Unspecific,speech,neutral,with Name,polite,Question (sentence),Hat mich jemand angerufen?,---,VP spricht in den Raum und macht eine fragende Handbewegung: __Hat mich jemand angerufen?__,0,Unspecific,Unspecific,51,5,verbal,2,ES,U,U,U,U,None,None,neutral,Question,Sentence,TRUE
Unspecific,Apartment,Unspecific,speech,neutral,with Name,polite,Question (sentence),Wie spät ist es?,---,VP schaut auf ihre Karte und fragt in den Raum:__Wie spät ist es?__,0,Unspecific,Unspecific,51,6,verbal,2,ES,U,U,U,U,None,None,neutral,Question,Sentence,TRUE
Floor lamp \(L_F\),Floor lamp \(L_F\),Floor lamp \(L_F\),speech,neutral,with Name,polite,Command (words),Licht ein! ... Heller!,---,VP schaut die Lampe an und hält die Hände daneben offen und sagt:__Licht ein! ... Heller!__,0,Floor lamp \(L_F\),Floor lamp \(L_F\),51,7,verbal,2,ES,LF,LF,LF,LF,Licht,None,neutral,Command,Words,TRUE
Unspecific,Apartment,Unspecific,speech,neutral,with Name,neutral,Command (words),__Licht an.__,---,VP sagt: __Licht an.__,0,Unspecific,Unspecific,52,1,nonverbal,2,PH,U,U,U,U,Licht,None,neutral,Command,Words,TRUE
Light in the hallway \(L_H\),Apartment,Light in the hallway \(L_H\),speech,neutral,with Name,neutral,Command (words),__Flurlich aus.__,---,VP sagt: __Flurlicht aus.__,0,Light in the hallway \(L_H\),Light in the hallway \(L_H\),52,2,nonverbal,2,PH,LH,LH,LH,LH,None,None,neutral,Command,Words,TRUE
Loudspeaker (by the fridge),Apartment,Unspecific,speech,neutral,with Name,neutral,Command (words),__Musik an.__,---,VP sagt: __Musik an.__,0,Parts of the apartment,Unspecific,52,3,nonverbal,2,PH,Lo,U,Ap,U,None,None,neutral,Command,Words,FALSE
Screen (kitchen on worktop),Apartment,Unspecific,speech,neutral,with Name,neutral,Question (sentence),__Ist ein Paket für mich angekommen?__,---,VP fragt: __Ist ein Paket für mich angekommen?__,0,Parts of the apartment,Unspecific,52,4,nonverbal,2,PH,ScK,U,Ap,U,None,None,neutral,Question,Sentence,FALSE
Unspecific,Apartment,Unspecific,speech,neutral,with Name,neutral,Question (words),__Anrufe in Abwesenheit?__,---,VP fragt: __Anrufe in Abwesenheit?__,0,Unspecific,Unspecific,52,5,nonverbal,2,PH,U,U,U,U,None,None,neutral,Question,Words,TRUE
Screen (kitchen on worktop),Apartment,Unspecific,speech,neutral,with Name,neutral,Question (sentence),__Wie spät ist es?__,---,VP fragt: __Wie spät ist es?__,0,Parts of the apartment,Unspecific,52,6,nonverbal,2,PH,ScK,U,Ap,U,None,None,neutral,Question,Sentence,FALSE
Floor lamp \(L_F\),Floor lamp \(L_F\),Floor lamp \(L_F\),gesture,baffled,unobserved,unobserved,unobserved,---,VP wirkt ratlos,VP schnipst und klatscht,0,Floor lamp \(L_F\),Floor lamp \(L_F\),52,7,nonverbal,2,PH,LF,LF,LF,LF,None,Klatscht,negative,unobserved,unobserved,TRUE
Light in the hallway \(L_H\),Apartment,Light in the hallway \(L_H\),gesture,neutral,unobserved,unobserved,unobserved,---,---,VP klatscht,0,Light in the hallway \(L_H\),Light in the hallway \(L_H\),53,1,verbal,1,PH,LH,LH,LH,LH,None,Klatscht,neutral,unobserved,unobserved,TRUE
Light in the hallway \(L_H\),Apartment,Light in the hallway \(L_H\),gesture,neutral,unobserved,unobserved,unobserved,---,---,"VP klatscht. Zweimal, weil der erste Klatscher ziemlich leise war",0,Light in the hallway \(L_H\),Light in the hallway \(L_H\),53,2,verbal,1,PH,LH,LH,LH,LH,None,Klatscht,neutral,unobserved,unobserved,TRUE
Loudspeaker (by the fridge),Apartment,Loudspeaker (by the fridge),gesture,neutral,unobserved,unobserved,unobserved,---,---,"VP klatscht, wahrscheinlich in Richtung der Musikbox",0,Parts of the apartment,Parts of the apartment,53,3,verbal,1,PH,Lo,Lo,Ap,Ap,None,Klatscht,neutral,unobserved,unobserved,TRUE
Unspecific,Apartment,Unspecific,gesture,neutral,unobserved,unobserved,unobserved,---,---,VP klatscht erneut,0,Unspecific,Unspecific,53,6,verbal,1,PH,U,U,U,U,None,Klatscht,neutral,unobserved,unobserved,TRUE
Floor lamp \(L_F\),Floor lamp \(L_F\),Floor lamp \(L_F\),gesture,neutral,unobserved,unobserved,unobserved,---,---,VP klatscht mehrfach oberhalb der Lampe. Unten zum Ausmachen,0,Floor lamp \(L_F\),Floor lamp \(L_F\),53,7,verbal,1,PH,LF,LF,LF,LF,None,Klatscht,neutral,unobserved,unobserved,TRUE
Screen (entrance),Apartment,Screen (entrance),touch,neutral,unobserved,unobserved,unobserved,---,---,VP berührt den Bildschirm im Eingang,0,Parts of the apartment,Parts of the apartment,54,1,verbal,2,ES,ScE,ScE,Ap,Ap,None,None,neutral,unobserved,unobserved,TRUE
Robot,Robot,Robot,speech,baffled,with Name,polite,Question (sentence),Weißt du wo es hier Musik gibt? Radio?,"VP scheint verunsichert zu sein, ob sie wirklich den Roboter ansprechen soll,","VP ist unsicher, fragt aber dann doch den Roboter: __Weißt du wo es hier Musik  gibt? Radio?__",0,Robot,Robot,54,3,verbal,2,ES,R,R,R,R,Du,None,negative,Question,Sentence,TRUE
Robot,Robot,Robot,speech,neutral,with Name,neutral,Question (sentence),Ist ein Paket für mich angekommen?,---,VP fragt den Roboter: __Ist ein Paket für mich angekommen?__,0,Robot,Robot,54,4,verbal,2,ES,R,R,R,R,None,None,neutral,Question,Sentence,TRUE
Robot,Robot,Robot,speech,curious,with Name,polite,Question (sentence),Hat jemand mich angerufen? weißt du das?,---,VP wendet sich wieder an den Roboter: __Hat jemand mich angerufen? weißt du das?__,0,Robot,Robot,54,5,verbal,2,ES,R,R,R,R,Du,None,positive,Question,Sentence,TRUE
Robot,Robot,Robot,speech,neutral,with Name,neutral,Question (sentence),Wie spät ist es denn jetzt?,---,VP fragt den Roboter: __Wie spät ist es denn jetzt?__,0,Robot,Robot,54,6,verbal,2,ES,R,R,R,R,None,None,neutral,Question,Sentence,TRUE
Floor lamp \(L_F\),Floor lamp \(L_F\),Floor lamp \(L_F\),gesture,neutral,unobserved,unobserved,unobserved,---,---,"VP schnipst mit den Fingern vor der Lampe dann bewegt sie mit der Hand an der Lampe entlang, um die Helligkeit zu steuern",0,Floor lamp \(L_F\),Floor lamp \(L_F\),54,7,verbal,2,ES,LF,LF,LF,LF,None,None,neutral,unobserved,unobserved,TRUE
Robot,Robot,Robot,speech,neutral,with Name,neutral,Command (sentence),"__Muss ich wahrscheinlich mit dir reden, ne? Mach das Licht im Flur an.__",---,Vp sagt: __Muss ich wahrscheinlich mit dir reden. Mach das Licht im Flur an.__,0,Robot,Robot,57,1,nonverbal,1,PH,R,R,R,R,Licht,None,neutral,Command,Sentence,TRUE
Robot,Robot,Robot,speech,neutral,with Name,polite,Command (sentence),__Mach das Licht im Flur wieder aus.__,---,VP sagt zum Roboter: __Mach das Lichte im Flur wieder aus.__,0,Robot,Robot,57,2,nonverbal,1,PH,R,R,R,R,Licht,None,neutral,Command,Sentence,TRUE
Robot,Robot,Robot,speech,neutral,with Name,neutral,Question (sentence),__Ist ein Paket für mich angekommen?__,---,VP fragt Roboter: __Ist ein Paket für mich angekommen?__,0,Robot,Robot,57,4,nonverbal,1,PH,R,R,R,R,None,None,neutral,Question,Sentence,TRUE
Robot,Robot,Robot,speech,neutral,with Name,neutral,Question (sentence),__Hat jemand für mich angefrufen?__,---,VP fragt Roboter: __Hat jemand für mich angerufen?__,0,Robot,Robot,57,5,nonverbal,1,PH,R,R,R,R,None,None,neutral,Question,Sentence,TRUE
Robot,Robot,Robot,speech,neutral,with Name,neutral,Question (sentence),__Wie spät ist es?__,---,VP fragt Roboter: __Wie spät ist es?__,0,Robot,Robot,57,6,nonverbal,1,PH,R,R,R,R,None,None,neutral,Question,Sentence,TRUE
Floor lamp \(L_F\),Floor lamp \(L_F\),Floor lamp \(L_F\),touch,neutral,unobserved,unobserved,unobserved,---,---,VP tipt die Lampe zweimal kurz oben an,0,Floor lamp \(L_F\),Floor lamp \(L_F\),57,7,nonverbal,1,PH,LF,LF,LF,LF,None,None,neutral,unobserved,unobserved,TRUE
Light in the hallway \(L_H\),Apartment,Light in the hallway \(L_H\),speech,neutral,with Name,neutral,Command (words),__Licht an.__,---,VP sagt __Licht an.__,0,Light in the hallway \(L_H\),Light in the hallway \(L_H\),58,1,nonverbal,1,PH,LH,LH,LH,LH,Licht,None,neutral,Command,Words,TRUE
Light in the hallway \(L_H\),Apartment,Light in the hallway \(L_H\),speech,neutral,with Name,neutral,Command (words),__Licht aus.__,---,VP sagt: __Licht aus.__,0,Light in the hallway \(L_H\),Light in the hallway \(L_H\),58,2,nonverbal,1,PH,LH,LH,LH,LH,Licht,None,neutral,Command,Words,TRUE
Unspecific,Apartment,Unspecific,speech,neutral,with Name,neutral,Command (words),__Musik an.__,---,VP sagt __Musik an.__,0,Unspecific,Unspecific,58,3,nonverbal,1,PH,U,U,U,U,None,None,neutral,Command,Words,TRUE
Robot,Robot,Robot,speech,neutral,with Name,neutral,Question (sentence),"__He, habe ich Post?__",---,"VP fragt: __ He, habe ich Post?__",0,Robot,Robot,58,4,nonverbal,1,PH,R,R,R,R,None,None,neutral,Question,Sentence,TRUE
Robot,Robot,Robot,speech,neutral,with Name,neutral,Question (sentence),__Hat jemand angerufen? Habe ich einen Anruf bekommen?__,---,VP fragt den Roboter: __Hat jemand angerufen?__ nach einer weiteren Sekunde: habe ich einen Anruf bekommen?__ __,0,Robot,Robot,58,5,nonverbal,1,PH,R,R,R,R,None,None,neutral,Question,Sentence,TRUE
Robot,Robot,Robot,speech,neutral,with Name,neutral,Question (sentence),__2Wie spät ist es?__,---,__Wie spät ist es?__,0,Robot,Robot,58,6,nonverbal,1,PH,R,R,R,R,None,None,neutral,Question,Sentence,TRUE
Floor lamp \(L_F\),Floor lamp \(L_F\),Floor lamp \(L_F\),touch,neutral,unobserved,unobserved,unobserved,---,---,VP berührt die Stehlampe oben am Rand,0,Floor lamp \(L_F\),Floor lamp \(L_F\),58,7,nonverbal,1,PH,LF,LF,LF,LF,None,None,neutral,unobserved,unobserved,TRUE
Unspecific,Apartment,Unspecific,speech,neutral,with Name,neutral,Command (words),__Licht an.__,---,VP sagt: __Licht an.__,0,Unspecific,Unspecific,60,1,nonverbal,2,PH,U,U,U,U,Licht,None,neutral,Command,Words,TRUE
Light in the hallway \(L_H\),Apartment,Unspecific,speech,neutral,with Name,neutral,Command (words),__Licht aus.__,---,VP sagt: __Licht aus.__,0,Light in the hallway \(L_H\),Unspecific,60,2,nonverbal,2,PH,LH,U,LH,U,Licht,None,neutral,Command,Words,FALSE
Unspecific,Apartment,Self,speech,neutral,with Name,neutral,Command (words),__Musik an.__,---,VP sagt: __Musik an.__,0,Unspecific,Unspecific,60,3,nonverbal,2,PH,U,S,U,U,None,None,neutral,Command,Words,FALSE
Screen (kitchen on worktop),Apartment,Screen (kitchen on worktop),speech,neutral,with Name,neutral,Question (words),__Paket?__,---,"VP schaut auf den Bildschirm, wie zuvor und fragt: __Paket?__",0,Parts of the apartment,Parts of the apartment,60,4,nonverbal,2,PH,ScK,ScK,Ap,Ap,None,None,neutral,Question,Words,TRUE
Screen (kitchen on worktop),Apartment,Screen (kitchen on worktop),speech,neutral,with Name,neutral,Question (words),__Uhrzeit?__,---,VP fragt: __Uhrzeit?__,0,Parts of the apartment,Parts of the apartment,60,6,nonverbal,2,PH,ScK,ScK,Ap,Ap,None,None,neutral,Question,Words,TRUE
Floor lamp \(L_F\),Floor lamp \(L_F\),Floor lamp \(L_F\),touch,neutral,unobserved,unobserved,unobserved,---,---,VP berührt die Stehlampe seitlich und dann oben am Ring,0,Floor lamp \(L_F\),Floor lamp \(L_F\),60,7,nonverbal,2,PH,LF,LF,LF,LF,None,None,neutral,unobserved,unobserved,TRUE
Unspecific,Apartment,Unspecific,speech,neutral,with Name,neutral,Command (words),__Licht im Flur an.__,---,VP sagt: __Licht im Flur an.__,0,Unspecific,Unspecific,61,1,verbal,1,PH,U,U,U,U,Licht,None,neutral,Command,Words,TRUE
Light in the hallway \(L_H\),Apartment,Light in the hallway \(L_H\),speech,neutral,with Name,neutral,Command (words),__Licht im Flur aus.__,---,VP sagt: __Licht im Flur aus.__,0,Light in the hallway \(L_H\),Light in the hallway \(L_H\),61,2,verbal,1,PH,LH,LH,LH,LH,Licht,None,neutral,Command,Words,TRUE
Unspecific,Apartment,Unspecific,speech,neutral,with Name,neutral,Command (words),__Musik an.__,---,VP sagt in den Raum: __Musik an.__,0,Unspecific,Unspecific,61,3,verbal,1,PH,U,U,U,U,None,None,neutral,Command,Words,TRUE
Unspecific,Robot,Unspecific,speech,neutral,with Name,neutral,Question (sentence),__Ist ein Paket für mich angekommen?__,---,VP fragt: __Ist ein Paket für mich angekommen?__,0,Unspecific,Unspecific,61,4,verbal,1,PH,U,U,U,U,None,None,neutral,Question,Sentence,TRUE
Robot,Robot,Robot,speech,neutral,with Name,neutral,Question (sentence),__Hat schon jemand für mich angerufen?__,---,VP fragt: __Hat schon jemand für mich angerufen?__,192,Robot,Robot,61,5,verbal,1,PH,R,R,R,R,None,None,neutral,Question,Sentence,TRUE
Robot,Robot,Robot,speech,neutral,with Name,neutral,Question (sentence),__Wie spät ist es?__,---,VP fragt: __Wie spät ist es?__,0,Robot,Robot,61,6,verbal,1,PH,R,R,R,R,None,None,neutral,Question,Sentence,TRUE
Floor lamp \(L_F\),Floor lamp \(L_F\),Floor lamp \(L_F\),gesture,neutral,unobserved,unobserved,unobserved,---,---,"VP macht an mehreren Stellen der lampe verschiedene Gestiken: Wischen oberhalb, eine ziehende Geste, angedeutetes streichen seitlich.",0,Floor lamp \(L_F\),Floor lamp \(L_F\),61,7,verbal,1,PH,LF,LF,LF,LF,None,Wisch,neutral,unobserved,unobserved,TRUE
Screen (entrance),Apartment,Screen (entrance),touch,neutral,unobserved,unobserved,unobserved,---,---,VP drückt auf Bildschirm am Apartmenteingang,0,Parts of the apartment,Parts of the apartment,63,1,nonverbal,2,PH,ScE,ScE,Ap,Ap,None,None,neutral,unobserved,unobserved,TRUE
Screen (kitchen on worktop),Apartment,Screen (kitchen on worktop),speech,neutral,with Name,neutral,Command (words),__Flurlicht ausschalten.__,---,"VP drückt auf den Bildschirm, darauf reagiert der Wizzard, VP merkt dies nicht und sagt dann: __Flurlicht ausschalten:__",0,Parts of the apartment,Parts of the apartment,63,2,nonverbal,2,PH,ScK,ScK,Ap,Ap,None,None,neutral,Command,Words,TRUE
Screen (living room window),Apartment,Screen (living room window),speech,neutral,with Name,neutral,Command (words),__Musik einschalten.__,---,VP sagt: __Musik einschalten.__,124,Parts of the apartment,Parts of the apartment,63,3,nonverbal,2,PH,ScLwi,ScLwi,Ap,Ap,None,None,neutral,Command,Words,TRUE
Robot,Robot,Robot,speech,neutral,with Name,neutral,Question (sentence),__Wo ist das Paket?__,---,VP fragt: __Wo ist das paket?__,0,Robot,Robot,63,4,nonverbal,2,PH,R,R,R,R,None,None,neutral,Question,Sentence,TRUE
Screen (living room window),Apartment,Screen (living room window),speech,neutral,with Name,neutral,Question (sentence),__Habe ich verpasste Anrufe?__,---,VP fragt: __Habe ich verpasste Anrufe?__,0,Parts of the apartment,Parts of the apartment,63,5,nonverbal,2,PH,ScLwi,ScLwi,Ap,Ap,None,None,neutral,Question,Sentence,TRUE
Screen (living room window),Apartment,Screen (living room window),speech,neutral,with Name,neutral,Question (sentence),__Wie spät ist es?__,---,VP fragt: __Wie spät ist es?__,0,Parts of the apartment,Parts of the apartment,63,6,nonverbal,2,PH,ScLwi,ScLwi,Ap,Ap,None,None,neutral,Question,Sentence,TRUE
Floor lamp \(L_F\),Floor lamp \(L_F\),Floor lamp \(L_F\),touch,baffled,unobserved,unobserved,unobserved,---,"VP scheint nicht wirklich zu wissen, wie er die Lampe steuert","VP scheint versucht zu haben, mit dem Fuß die Lampe mit dem Schalter anzustellen, danach verwendet er dann Gestik",0,Floor lamp \(L_F\),Floor lamp \(L_F\),63,7,nonverbal,2,PH,LF,LF,LF,LF,None,None,negative,unobserved,unobserved,TRUE
