dialogact.id,dialogact,h.dialogact,an.addressed,an.mutualgaze,an.mouthmovement,an.robotspeaking,an.wrong.person,cl.addressed,cl.mouthmovement,cl.mutualgaze,trial,start_time,filename,date
#<DIALOG-ACT {1010EEF303}>,dataRequest,Data Request,TRUE,TRUE,TRUE,FALSE,FALSE,TRUE,TRUE,TRUE,1,47.397s,study1_11_2016-02-26_13-11-47-shiftedAnnotationsExplicit.eaf,2016-02-26T13:11:47Z
#<DIALOG-ACT {1011335353}>,lightOn,Light On,FALSE,FALSE,FALSE,TRUE,FALSE,FALSE,FALSE,FALSE,1,56.014s,study1_11_2016-02-26_13-11-47-shiftedAnnotationsExplicit.eaf,2016-02-26T13:11:47Z
#<DIALOG-ACT {1010EFDAA3}>,timeRequest,Time Request,TRUE,TRUE,TRUE,FALSE,FALSE,TRUE,TRUE,TRUE,1,57.774s,study1_11_2016-02-26_13-11-47-shiftedAnnotationsExplicit.eaf,2016-02-26T13:11:47Z
#<DIALOG-ACT {1010F02753}>,packetRequest,Parcel Request,TRUE,TRUE,TRUE,FALSE,FALSE,TRUE,TRUE,TRUE,1,70.472s (~1.17 minutes),study1_11_2016-02-26_13-11-47-shiftedAnnotationsExplicit.eaf,2016-02-26T13:11:47Z
#<DIALOG-ACT {1011350D93}>,packetRequest,Parcel Request,FALSE,TRUE,FALSE,TRUE,FALSE,FALSE,FALSE,TRUE,1,72.696s (~1.21 minutes),study1_11_2016-02-26_13-11-47-shiftedAnnotationsExplicit.eaf,2016-02-26T13:11:47Z
#<DIALOG-ACT {1010F074E3}>,experimentsRequest,Exhibits request,TRUE,TRUE,TRUE,FALSE,FALSE,TRUE,TRUE,TRUE,1,88.073s (~1.47 minutes),study1_11_2016-02-26_13-11-47-shiftedAnnotationsExplicit.eaf,2016-02-26T13:11:47Z
#<DIALOG-ACT {101135EF43}>,lightOff,Light Off,FALSE,TRUE,FALSE,TRUE,FALSE,FALSE,FALSE,TRUE,1,93.606s (~1.56 minutes),study1_11_2016-02-26_13-11-47-shiftedAnnotationsExplicit.eaf,2016-02-26T13:11:47Z
#<DIALOG-ACT {1010F23CD3}>,timeRequest,Time Request,TRUE,TRUE,TRUE,FALSE,FALSE,TRUE,TRUE,TRUE,1,128.573s (~2.14 minutes),study1_11_2016-02-26_13-11-47-shiftedAnnotationsExplicit.eaf,2016-02-26T13:11:47Z
#<DIALOG-ACT {101137DF03}>,dataRequest,Data Request,TRUE,TRUE,TRUE,FALSE,FALSE,FALSE,FALSE,TRUE,1,141.063s (~2.35 minutes),study1_11_2016-02-26_13-11-47-shiftedAnnotationsExplicit.eaf,2016-02-26T13:11:47Z
#<DIALOG-ACT {10113831A3}>,lightOn,Light On,TRUE,TRUE,FALSE,FALSE,TRUE,FALSE,FALSE,FALSE,1,147.241s (~2.45 minutes),study1_11_2016-02-26_13-11-47-shiftedAnnotationsExplicit.eaf,2016-02-26T13:11:47Z
#<DIALOG-ACT {1010F3B353}>,lightOn,Light On,TRUE,TRUE,TRUE,FALSE,FALSE,TRUE,TRUE,TRUE,1,180.528s (~3.01 minutes),study1_11_2016-02-26_13-11-47-shiftedAnnotationsExplicit.eaf,2016-02-26T13:11:47Z
#<DIALOG-ACT {1010F40043}>,lightOn,Light On,TRUE,TRUE,TRUE,FALSE,FALSE,TRUE,TRUE,TRUE,1,194.464s (~3.24 minutes),study1_11_2016-02-26_13-11-47-shiftedAnnotationsExplicit.eaf,2016-02-26T13:11:47Z
#<DIALOG-ACT {1010F52293}>,experimentsRequest,Exhibits request,TRUE,TRUE,TRUE,FALSE,FALSE,TRUE,TRUE,TRUE,1,211.394s (~3.52 minutes),study1_11_2016-02-26_13-11-47-shiftedAnnotationsExplicit.eaf,2016-02-26T13:11:47Z
#<DIALOG-ACT {1010F691B3}>,lightOn,Light On,TRUE,TRUE,TRUE,FALSE,FALSE,TRUE,TRUE,TRUE,1,248s (~4.13 minutes),study1_11_2016-02-26_13-11-47-shiftedAnnotationsExplicit.eaf,2016-02-26T13:11:47Z
#<DIALOG-ACT {101145C493}>,lightOn,Light On,FALSE,TRUE,FALSE,TRUE,TRUE,FALSE,TRUE,FALSE,1,253.734s (~4.23 minutes),study1_11_2016-02-26_13-11-47-shiftedAnnotationsExplicit.eaf,2016-02-26T13:11:47Z
#<DIALOG-ACT {1010F6DE93}>,lightOn,Light On,TRUE,TRUE,TRUE,FALSE,FALSE,TRUE,TRUE,TRUE,1,258.452s (~4.31 minutes),study1_11_2016-02-26_13-11-47-shiftedAnnotationsExplicit.eaf,2016-02-26T13:11:47Z
#<DIALOG-ACT {1010F775D3}>,gardenRequest,Garden Request,TRUE,TRUE,TRUE,FALSE,FALSE,TRUE,TRUE,TRUE,1,262.728s (~4.38 minutes),study1_11_2016-02-26_13-11-47-shiftedAnnotationsExplicit.eaf,2016-02-26T13:11:47Z
#<DIALOG-ACT {101146F063}>,lightOn,Light On,FALSE,FALSE,TRUE,FALSE,FALSE,FALSE,FALSE,FALSE,1,278.35s (~4.64 minutes),study1_11_2016-02-26_13-11-47-shiftedAnnotationsExplicit.eaf,2016-02-26T13:11:47Z
#<DIALOG-ACT {1011474013}>,lightOn,Light On,TRUE,TRUE,TRUE,FALSE,FALSE,FALSE,TRUE,FALSE,1,280.981s (~4.68 minutes),study1_11_2016-02-26_13-11-47-shiftedAnnotationsExplicit.eaf,2016-02-26T13:11:47Z
#<DIALOG-ACT {1010F80B93}>,lightOn,Light On,TRUE,TRUE,TRUE,FALSE,FALSE,TRUE,TRUE,TRUE,1,285.143s (~4.75 minutes),study1_11_2016-02-26_13-11-47-shiftedAnnotationsExplicit.eaf,2016-02-26T13:11:47Z
#<DIALOG-ACT {101147D643}>,lightOff,Light Off,TRUE,TRUE,TRUE,FALSE,FALSE,FALSE,TRUE,FALSE,1,295.449s (~4.92 minutes),study1_11_2016-02-26_13-11-47-shiftedAnnotationsExplicit.eaf,2016-02-26T13:11:47Z
#<DIALOG-ACT {1011486E43}>,callRequest,Call Request,TRUE,TRUE,TRUE,FALSE,TRUE,FALSE,FALSE,TRUE,1,310.346s (~5.17 minutes),study1_11_2016-02-26_13-11-47-shiftedAnnotationsExplicit.eaf,2016-02-26T13:11:47Z
#<DIALOG-ACT {1010F975F3}>,callRequest,Call Request,TRUE,TRUE,TRUE,FALSE,FALSE,TRUE,TRUE,TRUE,1,317.272s (~5.29 minutes),study1_11_2016-02-26_13-11-47-shiftedAnnotationsExplicit.eaf,2016-02-26T13:11:47Z
#<DIALOG-ACT {1010FA9BD3}>,timeRequest,Time Request,TRUE,TRUE,TRUE,FALSE,FALSE,TRUE,TRUE,TRUE,1,333.006s (~5.55 minutes),study1_11_2016-02-26_13-11-47-shiftedAnnotationsExplicit.eaf,2016-02-26T13:11:47Z
#<DIALOG-ACT {1010FAE893}>,packetRequest,Parcel Request,TRUE,TRUE,TRUE,FALSE,FALSE,TRUE,TRUE,TRUE,1,347.035s (~5.78 minutes),study1_11_2016-02-26_13-11-47-shiftedAnnotationsExplicit.eaf,2016-02-26T13:11:47Z
#<DIALOG-ACT {10114A2613}>,packetRequest,Parcel Request,FALSE,TRUE,FALSE,TRUE,FALSE,FALSE,FALSE,FALSE,1,349.231s (~5.82 minutes),study1_11_2016-02-26_13-11-47-shiftedAnnotationsExplicit.eaf,2016-02-26T13:11:47Z
#<DIALOG-ACT {1010FB7E63}>,callRequest,Call Request,TRUE,TRUE,TRUE,FALSE,FALSE,TRUE,TRUE,TRUE,1,369.819s (~6.16 minutes),study1_11_2016-02-26_13-11-47-shiftedAnnotationsExplicit.eaf,2016-02-26T13:11:47Z
#<DIALOG-ACT {1010FC1663}>,timeRequest,Time Request,TRUE,TRUE,TRUE,FALSE,FALSE,TRUE,TRUE,TRUE,1,375.463s (~6.26 minutes),study1_11_2016-02-26_13-11-47-shiftedAnnotationsExplicit.eaf,2016-02-26T13:11:47Z
#<DIALOG-ACT {10114B96B3}>,lightOff,Light Off,FALSE,TRUE,FALSE,TRUE,FALSE,FALSE,TRUE,FALSE,1,377.52s (~6.29 minutes),study1_11_2016-02-26_13-11-47-shiftedAnnotationsExplicit.eaf,2016-02-26T13:11:47Z
#<DIALOG-ACT {1010FC6303}>,lightOn,Light On,TRUE,TRUE,TRUE,FALSE,FALSE,TRUE,TRUE,TRUE,1,380.49s (~6.34 minutes),study1_11_2016-02-26_13-11-47-shiftedAnnotationsExplicit.eaf,2016-02-26T13:11:47Z
#<DIALOG-ACT {10114BE403}>,lightOff,Light Off,FALSE,FALSE,FALSE,TRUE,FALSE,FALSE,FALSE,FALSE,1,386.038s (~6.43 minutes),study1_11_2016-02-26_13-11-47-shiftedAnnotationsExplicit.eaf,2016-02-26T13:11:47Z
#<DIALOG-ACT {1010FD83D3}>,lightOff,Light Off,TRUE,TRUE,TRUE,FALSE,FALSE,TRUE,TRUE,TRUE,1,399.357s (~6.66 minutes),study1_11_2016-02-26_13-11-47-shiftedAnnotationsExplicit.eaf,2016-02-26T13:11:47Z
#<DIALOG-ACT {1010FF7DE3}>,gardenRequest,Garden Request,TRUE,TRUE,TRUE,FALSE,FALSE,TRUE,TRUE,TRUE,1,421.239s (~7.02 minutes),study1_11_2016-02-26_13-11-47-shiftedAnnotationsExplicit.eaf,2016-02-26T13:11:47Z
#<DIALOG-ACT {1010FFCD23}>,lightOn,Light On,TRUE,TRUE,TRUE,FALSE,FALSE,TRUE,TRUE,TRUE,1,429.584s (~7.16 minutes),study1_11_2016-02-26_13-11-47-shiftedAnnotationsExplicit.eaf,2016-02-26T13:11:47Z
#<DIALOG-ACT {1011005F63}>,lightOn,Light On,FALSE,TRUE,TRUE,FALSE,FALSE,TRUE,TRUE,TRUE,1,443.728s (~7.4 minutes),study1_11_2016-02-26_13-11-47-shiftedAnnotationsExplicit.eaf,2016-02-26T13:11:47Z
#<DIALOG-ACT {1011BF4033}>,timeRequest,Time Request,FALSE,FALSE,FALSE,FALSE,TRUE,FALSE,FALSE,FALSE,2,41.24s,study2_11_2016-02-26_13-42-09-shiftedAnnotationsExactly.eaf,2016-02-26T13:42:09Z
#<DIALOG-ACT {1011C26BC3}>,timeRequest,Time Request,TRUE,TRUE,FALSE,FALSE,TRUE,FALSE,FALSE,TRUE,2,125.555s (~2.09 minutes),study2_11_2016-02-26_13-42-09-shiftedAnnotationsExactly.eaf,2016-02-26T13:42:09Z
#<DIALOG-ACT {100EAACD63}>,timeRequest,Time Request,TRUE,TRUE,TRUE,FALSE,FALSE,TRUE,TRUE,TRUE,2,153.712s (~2.56 minutes),study2_11_2016-02-26_13-42-09-shiftedAnnotationsExactly.eaf,2016-02-26T13:42:09Z
#<DIALOG-ACT {1011C42203}>,lightOn,Light On,FALSE,FALSE,FALSE,FALSE,FALSE,FALSE,TRUE,FALSE,2,159.253s (~2.65 minutes),study2_11_2016-02-26_13-42-09-shiftedAnnotationsExactly.eaf,2016-02-26T13:42:09Z
#<DIALOG-ACT {1011C50323}>,packetRequest,Parcel Request,TRUE,TRUE,TRUE,FALSE,FALSE,FALSE,FALSE,TRUE,2,175.986s (~2.93 minutes),study2_11_2016-02-26_13-42-09-shiftedAnnotationsExactly.eaf,2016-02-26T13:42:09Z
#<DIALOG-ACT {1011C59753}>,packetRequest,Parcel Request,TRUE,TRUE,TRUE,FALSE,FALSE,FALSE,FALSE,TRUE,2,180.415s (~3.01 minutes),study2_11_2016-02-26_13-42-09-shiftedAnnotationsExactly.eaf,2016-02-26T13:42:09Z
#<DIALOG-ACT {100EABAF13}>,timeRequest,Time Request,TRUE,TRUE,TRUE,FALSE,FALSE,TRUE,TRUE,TRUE,2,187.736s (~3.13 minutes),study2_11_2016-02-26_13-42-09-shiftedAnnotationsExactly.eaf,2016-02-26T13:42:09Z
#<DIALOG-ACT {100EABFBB3}>,lightOn,Light On,TRUE,TRUE,TRUE,FALSE,FALSE,TRUE,TRUE,TRUE,2,192.411s (~3.21 minutes),study2_11_2016-02-26_13-42-09-shiftedAnnotationsExactly.eaf,2016-02-26T13:42:09Z
#<DIALOG-ACT {100EAC48F3}>,packetRequest,Parcel Request,TRUE,TRUE,TRUE,FALSE,FALSE,TRUE,TRUE,TRUE,2,196.114s (~3.27 minutes),study2_11_2016-02-26_13-42-09-shiftedAnnotationsExactly.eaf,2016-02-26T13:42:09Z
#<DIALOG-ACT {1011C6B9D3}>,lightOn,Light On,TRUE,TRUE,TRUE,FALSE,FALSE,FALSE,FALSE,TRUE,2,200.456s (~3.34 minutes),study2_11_2016-02-26_13-42-09-shiftedAnnotationsExactly.eaf,2016-02-26T13:42:09Z
#<DIALOG-ACT {100EACDE63}>,packetRequest,Parcel Request,TRUE,TRUE,TRUE,FALSE,FALSE,TRUE,TRUE,TRUE,2,204.417s (~3.41 minutes),study2_11_2016-02-26_13-42-09-shiftedAnnotationsExactly.eaf,2016-02-26T13:42:09Z
#<DIALOG-ACT {1011C70763}>,packetRequest,Parcel Request,FALSE,TRUE,FALSE,TRUE,FALSE,FALSE,FALSE,TRUE,2,206.606s (~3.44 minutes),study2_11_2016-02-26_13-42-09-shiftedAnnotationsExactly.eaf,2016-02-26T13:42:09Z
#<DIALOG-ACT {1011C874F3}>,gardenRequest,Garden Request,TRUE,TRUE,FALSE,FALSE,TRUE,FALSE,FALSE,TRUE,2,234.244s (~3.9 minutes),study2_11_2016-02-26_13-42-09-shiftedAnnotationsExactly.eaf,2016-02-26T13:42:09Z
#<DIALOG-ACT {1011C95693}>,lightOff,Light Off,TRUE,TRUE,FALSE,FALSE,TRUE,FALSE,FALSE,TRUE,2,250.089s (~4.17 minutes),study2_11_2016-02-26_13-42-09-shiftedAnnotationsExactly.eaf,2016-02-26T13:42:09Z
#<DIALOG-ACT {100EADC093}>,lightOff,Light Off,TRUE,TRUE,TRUE,FALSE,FALSE,TRUE,TRUE,TRUE,2,254.772s (~4.25 minutes),study2_11_2016-02-26_13-42-09-shiftedAnnotationsExactly.eaf,2016-02-26T13:42:09Z
#<DIALOG-ACT {100EAE0D93}>,dataRequest,Data Request,TRUE,TRUE,TRUE,FALSE,FALSE,TRUE,TRUE,TRUE,2,278.842s (~4.65 minutes),study2_11_2016-02-26_13-42-09-shiftedAnnotationsExactly.eaf,2016-02-26T13:42:09Z
#<DIALOG-ACT {1011CBE863}>,lightOn,Light On,FALSE,TRUE,FALSE,TRUE,FALSE,FALSE,FALSE,TRUE,2,286.761s (~4.78 minutes),study2_11_2016-02-26_13-42-09-shiftedAnnotationsExactly.eaf,2016-02-26T13:42:09Z
#<DIALOG-ACT {1011CDE993}>,lightOn,Light On,TRUE,TRUE,TRUE,FALSE,FALSE,FALSE,FALSE,TRUE,2,317.244s (~5.29 minutes),study2_11_2016-02-26_13-42-09-shiftedAnnotationsExactly.eaf,2016-02-26T13:42:09Z
#<DIALOG-ACT {1011CFA243}>,lightOn,Light On,FALSE,FALSE,FALSE,FALSE,TRUE,FALSE,FALSE,TRUE,2,335.465s (~5.59 minutes),study2_11_2016-02-26_13-42-09-shiftedAnnotationsExactly.eaf,2016-02-26T13:42:09Z
#<DIALOG-ACT {1011CFF213}>,lightOff,Light Off,TRUE,TRUE,FALSE,FALSE,TRUE,FALSE,FALSE,TRUE,2,337.941s (~5.63 minutes),study2_11_2016-02-26_13-42-09-shiftedAnnotationsExactly.eaf,2016-02-26T13:42:09Z
#<DIALOG-ACT {100EAF3673}>,timeRequest,Time Request,TRUE,TRUE,TRUE,FALSE,FALSE,TRUE,TRUE,TRUE,2,351.076s (~5.85 minutes),study2_11_2016-02-26_13-42-09-shiftedAnnotationsExactly.eaf,2016-02-26T13:42:09Z
#<DIALOG-ACT {100EAF8583}>,lightOn,Light On,TRUE,TRUE,TRUE,FALSE,FALSE,TRUE,TRUE,TRUE,2,355.273s (~5.92 minutes),study2_11_2016-02-26_13-42-09-shiftedAnnotationsExactly.eaf,2016-02-26T13:42:09Z
#<DIALOG-ACT {100EB01A83}>,lightOff,Light Off,FALSE,FALSE,FALSE,FALSE,TRUE,TRUE,TRUE,TRUE,2,364.802s (~6.08 minutes),study2_11_2016-02-26_13-42-09-shiftedAnnotationsExactly.eaf,2016-02-26T13:42:09Z
#<DIALOG-ACT {100EB0B363}>,lightOn,Light On,TRUE,TRUE,TRUE,FALSE,FALSE,TRUE,TRUE,TRUE,2,385.653s (~6.43 minutes),study2_11_2016-02-26_13-42-09-shiftedAnnotationsExactly.eaf,2016-02-26T13:42:09Z
#<DIALOG-ACT {1011D56453}>,lightOn,Light On,FALSE,TRUE,FALSE,FALSE,TRUE,FALSE,FALSE,FALSE,2,416.22s (~6.94 minutes),study2_11_2016-02-26_13-42-09-shiftedAnnotationsExactly.eaf,2016-02-26T13:42:09Z
#<DIALOG-ACT {100EB1DB23}>,lightOn,Light On,TRUE,TRUE,TRUE,FALSE,FALSE,TRUE,TRUE,TRUE,2,421.692s (~7.03 minutes),study2_11_2016-02-26_13-42-09-shiftedAnnotationsExactly.eaf,2016-02-26T13:42:09Z
#<DIALOG-ACT {100EB22833}>,lightOn,Light On,TRUE,TRUE,TRUE,TRUE,FALSE,TRUE,TRUE,TRUE,2,422.78s (~7.05 minutes),study2_11_2016-02-26_13-42-09-shiftedAnnotationsExactly.eaf,2016-02-26T13:42:09Z
#<DIALOG-ACT {100EB307A3}>,experimentsRequest,Exhibits request,TRUE,TRUE,TRUE,FALSE,FALSE,TRUE,TRUE,TRUE,2,429.581s (~7.16 minutes),study2_11_2016-02-26_13-42-09-shiftedAnnotationsExactly.eaf,2016-02-26T13:42:09Z
#<DIALOG-ACT {1011D6D663}>,lightOn,Light On,FALSE,FALSE,TRUE,FALSE,FALSE,FALSE,FALSE,FALSE,2,449.281s (~7.49 minutes),study2_11_2016-02-26_13-42-09-shiftedAnnotationsExactly.eaf,2016-02-26T13:42:09Z
#<DIALOG-ACT {100EB3A243}>,gardenRequest,Garden Request,TRUE,TRUE,TRUE,FALSE,FALSE,TRUE,TRUE,TRUE,2,457.161s (~7.62 minutes),study2_11_2016-02-26_13-42-09-shiftedAnnotationsExactly.eaf,2016-02-26T13:42:09Z
#<DIALOG-ACT {100EB47D03}>,packetRequest,Parcel Request,TRUE,TRUE,TRUE,FALSE,FALSE,TRUE,TRUE,TRUE,2,480.458s (~8.01 minutes),study2_11_2016-02-26_13-42-09-shiftedAnnotationsExactly.eaf,2016-02-26T13:42:09Z
#<DIALOG-ACT {1011D8DDA3}>,packetRequest,Parcel Request,FALSE,TRUE,FALSE,TRUE,FALSE,FALSE,TRUE,FALSE,2,482.668s (~8.04 minutes),study2_11_2016-02-26_13-42-09-shiftedAnnotationsExactly.eaf,2016-02-26T13:42:09Z
#<DIALOG-ACT {100EB4CA83}>,lightOff,Light Off,TRUE,TRUE,TRUE,FALSE,FALSE,TRUE,TRUE,TRUE,2,504.822s (~8.41 minutes),study2_11_2016-02-26_13-42-09-shiftedAnnotationsExactly.eaf,2016-02-26T13:42:09Z
#<DIALOG-ACT {100EB561E3}>,callRequest,Call Request,TRUE,TRUE,TRUE,FALSE,FALSE,TRUE,TRUE,TRUE,2,516.212s (~8.6 minutes),study2_11_2016-02-26_13-42-09-shiftedAnnotationsExactly.eaf,2016-02-26T13:42:09Z
#<DIALOG-ACT {100EB5F953}>,experimentsRequest,Exhibits request,TRUE,TRUE,TRUE,FALSE,FALSE,TRUE,TRUE,TRUE,2,538.298s (~8.97 minutes),study2_11_2016-02-26_13-42-09-shiftedAnnotationsExactly.eaf,2016-02-26T13:42:09Z
#<DIALOG-ACT {100EB694B3}>,timeRequest,Time Request,TRUE,TRUE,TRUE,FALSE,FALSE,TRUE,TRUE,TRUE,2,552.789s (~9.21 minutes),study2_11_2016-02-26_13-42-09-shiftedAnnotationsExactly.eaf,2016-02-26T13:42:09Z
#<DIALOG-ACT {1011DE7973}>,callRequest,Call Request,FALSE,TRUE,FALSE,TRUE,FALSE,FALSE,FALSE,TRUE,2,554.788s (~9.25 minutes),study2_11_2016-02-26_13-42-09-shiftedAnnotationsExactly.eaf,2016-02-26T13:42:09Z
#<DIALOG-ACT {100EBD3E53}>,experimentsRequest,Exhibits request,TRUE,TRUE,TRUE,FALSE,FALSE,TRUE,TRUE,TRUE,2,566.939s (~9.45 minutes),study2_11_2016-02-26_13-42-09-shiftedAnnotationsExactly.eaf,2016-02-26T13:42:09Z
#<DIALOG-ACT {1011E155D3}>,gardenRequest,Garden Request,TRUE,TRUE,TRUE,FALSE,FALSE,FALSE,FALSE,TRUE,2,591.676s (~9.86 minutes),study2_11_2016-02-26_13-42-09-shiftedAnnotationsExactly.eaf,2016-02-26T13:42:09Z
#<DIALOG-ACT {1011E1A583}>,gardenRequest,Garden Request,TRUE,TRUE,TRUE,FALSE,FALSE,FALSE,FALSE,TRUE,2,595.087s (~9.92 minutes),study2_11_2016-02-26_13-42-09-shiftedAnnotationsExactly.eaf,2016-02-26T13:42:09Z
#<DIALOG-ACT {100EBD8C43}>,gardenRequest,Garden Request,TRUE,TRUE,TRUE,FALSE,FALSE,TRUE,TRUE,TRUE,2,599.217s (~9.99 minutes),study2_11_2016-02-26_13-42-09-shiftedAnnotationsExactly.eaf,2016-02-26T13:42:09Z
#<DIALOG-ACT {1011E28403}>,lightOff,Light Off,TRUE,TRUE,TRUE,FALSE,FALSE,FALSE,TRUE,FALSE,2,609.168s (~10.15 minutes),study2_11_2016-02-26_13-42-09-shiftedAnnotationsExactly.eaf,2016-02-26T13:42:09Z
#<DIALOG-ACT {1011E3A8A3}>,lightOn,Light On,TRUE,TRUE,FALSE,FALSE,TRUE,FALSE,FALSE,TRUE,2,621.867s (~10.36 minutes),study2_11_2016-02-26_13-42-09-shiftedAnnotationsExactly.eaf,2016-02-26T13:42:09Z
#<DIALOG-ACT {100EBE2133}>,dataRequest,Data Request,TRUE,TRUE,TRUE,FALSE,FALSE,TRUE,TRUE,TRUE,2,626.888s (~10.45 minutes),study2_11_2016-02-26_13-42-09-shiftedAnnotationsExactly.eaf,2016-02-26T13:42:09Z
#<DIALOG-ACT {1011E528A3}>,lightOn,Light On,FALSE,TRUE,FALSE,TRUE,FALSE,FALSE,FALSE,TRUE,2,634.709s (~10.58 minutes),study2_11_2016-02-26_13-42-09-shiftedAnnotationsExactly.eaf,2016-02-26T13:42:09Z
#<DIALOG-ACT {1011E5C163}>,callRequest,Call Request,TRUE,TRUE,TRUE,FALSE,FALSE,FALSE,FALSE,TRUE,2,648.606s (~10.81 minutes),study2_11_2016-02-26_13-42-09-shiftedAnnotationsExactly.eaf,2016-02-26T13:42:09Z
#<DIALOG-ACT {100EBEB783}>,callRequest,Call Request,TRUE,TRUE,TRUE,FALSE,FALSE,TRUE,TRUE,TRUE,2,653.8s (~10.9 minutes),study2_11_2016-02-26_13-42-09-shiftedAnnotationsExactly.eaf,2016-02-26T13:42:09Z
#<DIALOG-ACT {100EBF0323}>,lightOn,Light On,TRUE,TRUE,TRUE,FALSE,FALSE,TRUE,TRUE,TRUE,2,674.064s (~11.23 minutes),study2_11_2016-02-26_13-42-09-shiftedAnnotationsExactly.eaf,2016-02-26T13:42:09Z
#<DIALOG-ACT {1011ED7C13}>,lightOn,Light On,TRUE,TRUE,FALSE,FALSE,TRUE,FALSE,FALSE,TRUE,2,679.943s (~11.33 minutes),study2_11_2016-02-26_13-42-09-shiftedAnnotationsExactly.eaf,2016-02-26T13:42:09Z
#<DIALOG-ACT {1011B38523}>,timeRequest,Time Request,FALSE,FALSE,FALSE,FALSE,TRUE,FALSE,FALSE,FALSE,3,39.326s,study3_11_2016-02-26_14-36-09-shiftedAnnotationsExactly.eaf,2016-02-26T14:36:09Z
#<DIALOG-ACT {1011B5D8A3}>,dataRequest,Data Request,FALSE,FALSE,FALSE,FALSE,TRUE,FALSE,TRUE,FALSE,3,72.869s (~1.21 minutes),study3_11_2016-02-26_14-36-09-shiftedAnnotationsExactly.eaf,2016-02-26T14:36:09Z
#<DIALOG-ACT {1011B705F3}>,timeRequest,Time Request,FALSE,FALSE,FALSE,FALSE,TRUE,FALSE,FALSE,FALSE,3,76.06s (~1.27 minutes),study3_11_2016-02-26_14-36-09-shiftedAnnotationsExactly.eaf,2016-02-26T14:36:09Z
#<DIALOG-ACT {100EB861F3}>,timeRequest,Time Request,TRUE,TRUE,TRUE,FALSE,FALSE,TRUE,TRUE,TRUE,3,162.244s (~2.7 minutes),study3_11_2016-02-26_14-36-09-shiftedAnnotationsExactly.eaf,2016-02-26T14:36:09Z
#<DIALOG-ACT {100EB8AF13}>,lightOn,Light On,TRUE,TRUE,TRUE,FALSE,FALSE,TRUE,TRUE,TRUE,3,169.947s (~2.83 minutes),study3_11_2016-02-26_14-36-09-shiftedAnnotationsExactly.eaf,2016-02-26T14:36:09Z
#<DIALOG-ACT {100EB946E3}>,lightOn,Light On,FALSE,FALSE,TRUE,FALSE,FALSE,TRUE,TRUE,TRUE,3,186.031s (~3.1 minutes),study3_11_2016-02-26_14-36-09-shiftedAnnotationsExactly.eaf,2016-02-26T14:36:09Z
#<DIALOG-ACT {100EB9E2C3}>,timeRequest,Time Request,TRUE,TRUE,TRUE,FALSE,FALSE,TRUE,TRUE,TRUE,3,236.986s (~3.95 minutes),study3_11_2016-02-26_14-36-09-shiftedAnnotationsExactly.eaf,2016-02-26T14:36:09Z
#<DIALOG-ACT {100EBA7693}>,lightOn,Light On,TRUE,TRUE,TRUE,FALSE,FALSE,TRUE,TRUE,TRUE,3,258.157s (~4.3 minutes),study3_11_2016-02-26_14-36-09-shiftedAnnotationsExactly.eaf,2016-02-26T14:36:09Z
#<DIALOG-ACT {1011C68443}>,lightOff,Light Off,FALSE,FALSE,FALSE,FALSE,TRUE,FALSE,TRUE,FALSE,3,274.03s (~4.57 minutes),study3_11_2016-02-26_14-36-09-shiftedAnnotationsExactly.eaf,2016-02-26T14:36:09Z
#<DIALOG-ACT {1011C764D3}>,lightOn,Light On,TRUE,TRUE,FALSE,FALSE,TRUE,FALSE,TRUE,FALSE,3,289.335s (~4.82 minutes),study3_11_2016-02-26_14-36-09-shiftedAnnotationsExactly.eaf,2016-02-26T14:36:09Z
#<DIALOG-ACT {100EBB5333}>,lightOn,Light On,TRUE,TRUE,TRUE,FALSE,FALSE,TRUE,TRUE,TRUE,3,292.355s (~4.87 minutes),study3_11_2016-02-26_14-36-09-shiftedAnnotationsExactly.eaf,2016-02-26T14:36:09Z
#<DIALOG-ACT {100EBCB993}>,gardenRequest,Garden Request,TRUE,TRUE,TRUE,FALSE,FALSE,TRUE,TRUE,TRUE,3,381.145s (~6.35 minutes),study3_11_2016-02-26_14-36-09-shiftedAnnotationsExactly.eaf,2016-02-26T14:36:09Z
#<DIALOG-ACT {1011D1B8E3}>,lightOff,Light Off,FALSE,TRUE,FALSE,TRUE,FALSE,FALSE,FALSE,FALSE,3,385.531s (~6.43 minutes),study3_11_2016-02-26_14-36-09-shiftedAnnotationsExactly.eaf,2016-02-26T14:36:09Z
#<DIALOG-ACT {1011D40093}>,packetRequest,Parcel Request,TRUE,FALSE,FALSE,FALSE,TRUE,FALSE,TRUE,FALSE,3,435.004s (~7.25 minutes),study3_11_2016-02-26_14-36-09-shiftedAnnotationsExactly.eaf,2016-02-26T14:36:09Z
#<DIALOG-ACT {100EBDE0C3}>,lightOn,Light On,TRUE,TRUE,TRUE,FALSE,FALSE,TRUE,TRUE,TRUE,3,439.772s (~7.33 minutes),study3_11_2016-02-26_14-36-09-shiftedAnnotationsExactly.eaf,2016-02-26T14:36:09Z
#<DIALOG-ACT {100EBE2DD3}>,lightOn,Light On,FALSE,FALSE,FALSE,FALSE,TRUE,TRUE,TRUE,TRUE,3,452.737s (~7.55 minutes),study3_11_2016-02-26_14-36-09-shiftedAnnotationsExactly.eaf,2016-02-26T14:36:09Z
#<DIALOG-ACT {100EBEC763}>,timeRequest,Time Request,TRUE,TRUE,TRUE,FALSE,FALSE,TRUE,TRUE,TRUE,3,481.117s (~8.02 minutes),study3_11_2016-02-26_14-36-09-shiftedAnnotationsExactly.eaf,2016-02-26T14:36:09Z
#<DIALOG-ACT {100EBF63D3}>,timeRequest,Time Request,TRUE,TRUE,TRUE,FALSE,FALSE,TRUE,TRUE,TRUE,3,486.85s (~8.11 minutes),study3_11_2016-02-26_14-36-09-shiftedAnnotationsExactly.eaf,2016-02-26T14:36:09Z
#<DIALOG-ACT {1011D69753}>,lightOn,Light On,TRUE,TRUE,TRUE,FALSE,FALSE,FALSE,TRUE,FALSE,3,507.366s (~8.46 minutes),study3_11_2016-02-26_14-36-09-shiftedAnnotationsExactly.eaf,2016-02-26T14:36:09Z
#<DIALOG-ACT {100EC08903}>,gardenRequest,Garden Request,TRUE,TRUE,TRUE,FALSE,FALSE,TRUE,TRUE,TRUE,3,515.743s (~8.6 minutes),study3_11_2016-02-26_14-36-09-shiftedAnnotationsExactly.eaf,2016-02-26T14:36:09Z
#<DIALOG-ACT {100EC16D33}>,timeRequest,Time Request,TRUE,TRUE,TRUE,FALSE,FALSE,TRUE,TRUE,TRUE,3,535.229s (~8.92 minutes),study3_11_2016-02-26_14-36-09-shiftedAnnotationsExactly.eaf,2016-02-26T14:36:09Z
#<DIALOG-ACT {100EC1BA43}>,experimentsRequest,Exhibits request,TRUE,TRUE,TRUE,FALSE,FALSE,TRUE,TRUE,TRUE,3,540.365s (~9.01 minutes),study3_11_2016-02-26_14-36-09-shiftedAnnotationsExactly.eaf,2016-02-26T14:36:09Z
#<DIALOG-ACT {1011D998A3}>,lightOn,Light On,FALSE,TRUE,FALSE,TRUE,FALSE,FALSE,FALSE,TRUE,3,542.487s (~9.04 minutes),study3_11_2016-02-26_14-36-09-shiftedAnnotationsExactly.eaf,2016-02-26T14:36:09Z
#<DIALOG-ACT {1011DA2EA3}>,lightOff,Light Off,FALSE,FALSE,FALSE,TRUE,FALSE,FALSE,FALSE,FALSE,3,545.665s (~9.09 minutes),study3_11_2016-02-26_14-36-09-shiftedAnnotationsExactly.eaf,2016-02-26T14:36:09Z
#<DIALOG-ACT {1011DC7EB3}>,timeRequest,Time Request,TRUE,TRUE,TRUE,FALSE,FALSE,FALSE,FALSE,TRUE,3,568.18s (~9.47 minutes),study3_11_2016-02-26_14-36-09-shiftedAnnotationsExactly.eaf,2016-02-26T14:36:09Z
#<DIALOG-ACT {100EC29B33}>,gardenRequest,Garden Request,TRUE,TRUE,TRUE,FALSE,FALSE,TRUE,TRUE,TRUE,3,573.205s (~9.55 minutes),study3_11_2016-02-26_14-36-09-shiftedAnnotationsExactly.eaf,2016-02-26T14:36:09Z
#<DIALOG-ACT {1011DD94B3}>,lightOff,Light Off,TRUE,TRUE,TRUE,TRUE,FALSE,FALSE,FALSE,TRUE,3,577.612s (~9.63 minutes),study3_11_2016-02-26_14-36-09-shiftedAnnotationsExactly.eaf,2016-02-26T14:36:09Z
#<DIALOG-ACT {100EC33353}>,callRequest,Call Request,TRUE,TRUE,TRUE,FALSE,FALSE,TRUE,TRUE,TRUE,3,608.393s (~10.14 minutes),study3_11_2016-02-26_14-36-09-shiftedAnnotationsExactly.eaf,2016-02-26T14:36:09Z
#<DIALOG-ACT {1011E14943}>,lightOff,Light Off,TRUE,TRUE,TRUE,FALSE,FALSE,FALSE,FALSE,TRUE,3,630.289s (~10.5 minutes),study3_11_2016-02-26_14-36-09-shiftedAnnotationsExactly.eaf,2016-02-26T14:36:09Z
#<DIALOG-ACT {100EC49EC3}>,timeRequest,Time Request,TRUE,TRUE,TRUE,FALSE,FALSE,TRUE,TRUE,TRUE,3,634.451s (~10.57 minutes),study3_11_2016-02-26_14-36-09-shiftedAnnotationsExactly.eaf,2016-02-26T14:36:09Z
#<DIALOG-ACT {100EC53133}>,lightOff,Light Off,TRUE,TRUE,TRUE,FALSE,FALSE,TRUE,TRUE,TRUE,3,639.679s (~10.66 minutes),study3_11_2016-02-26_14-36-09-shiftedAnnotationsExactly.eaf,2016-02-26T14:36:09Z
#<DIALOG-ACT {100EC57E13}>,lightOn,Light On,FALSE,FALSE,FALSE,FALSE,FALSE,TRUE,TRUE,TRUE,3,655.533s (~10.93 minutes),study3_11_2016-02-26_14-36-09-shiftedAnnotationsExactly.eaf,2016-02-26T14:36:09Z
#<DIALOG-ACT {100EC65B13}>,dataRequest,Data Request,TRUE,TRUE,TRUE,FALSE,FALSE,TRUE,TRUE,TRUE,3,668.682s (~11.14 minutes),study3_11_2016-02-26_14-36-09-shiftedAnnotationsExactly.eaf,2016-02-26T14:36:09Z
#<DIALOG-ACT {1011E3E323}>,lightOn,Light On,FALSE,FALSE,FALSE,TRUE,FALSE,FALSE,TRUE,FALSE,3,676.714s (~11.28 minutes),study3_11_2016-02-26_14-36-09-shiftedAnnotationsExactly.eaf,2016-02-26T14:36:09Z
#<DIALOG-ACT {1011E47EB3}>,timeRequest,Time Request,TRUE,TRUE,TRUE,FALSE,FALSE,FALSE,TRUE,FALSE,3,700.655s (~11.68 minutes),study3_11_2016-02-26_14-36-09-shiftedAnnotationsExactly.eaf,2016-02-26T14:36:09Z
#<DIALOG-ACT {10153A7C13}>,callRequest,Call Request,FALSE,FALSE,FALSE,FALSE,TRUE,FALSE,TRUE,FALSE,4,29.834s,study4_11_2016-03-03_13-46-29-shiftedAnnotations.eaf,2016-03-03T13:46:29Z
#<DIALOG-ACT {10153BEC43}>,timeRequest,Time Request,FALSE,FALSE,FALSE,FALSE,TRUE,FALSE,FALSE,FALSE,4,40.119s,study4_11_2016-03-03_13-46-29-shiftedAnnotations.eaf,2016-03-03T13:46:29Z
#<DIALOG-ACT {10153E79A3}>,lightOn,Light On,FALSE,FALSE,FALSE,FALSE,TRUE,FALSE,FALSE,FALSE,4,94.346s (~1.57 minutes),study4_11_2016-03-03_13-46-29-shiftedAnnotations.eaf,2016-03-03T13:46:29Z
#<DIALOG-ACT {1011582043}>,callRequest,Call Request,TRUE,TRUE,TRUE,FALSE,FALSE,TRUE,TRUE,TRUE,4,124.523s (~2.08 minutes),study4_11_2016-03-03_13-46-29-shiftedAnnotations.eaf,2016-03-03T13:46:29Z
#<DIALOG-ACT {101541A203}>,dataRequest,Data Request,TRUE,TRUE,TRUE,FALSE,FALSE,FALSE,FALSE,TRUE,4,145.672s (~2.43 minutes),study4_11_2016-03-03_13-46-29-shiftedAnnotations.eaf,2016-03-03T13:46:29Z
#<DIALOG-ACT {101541F313}>,dataRequest,Data Request,TRUE,TRUE,TRUE,FALSE,FALSE,FALSE,FALSE,TRUE,4,151.171s (~2.52 minutes),study4_11_2016-03-03_13-46-29-shiftedAnnotations.eaf,2016-03-03T13:46:29Z
#<DIALOG-ACT {1015431D73}>,lightOn,Light On,FALSE,FALSE,FALSE,FALSE,TRUE,FALSE,FALSE,FALSE,4,175.684s (~2.93 minutes),study4_11_2016-03-03_13-46-29-shiftedAnnotations.eaf,2016-03-03T13:46:29Z
#<DIALOG-ACT {101195FDC3}>,lightOn,Light On,TRUE,TRUE,TRUE,FALSE,FALSE,TRUE,TRUE,TRUE,4,187.884s (~3.13 minutes),study4_11_2016-03-03_13-46-29-shiftedAnnotations.eaf,2016-03-03T13:46:29Z
#<DIALOG-ACT {1011972093}>,callRequest,Call Request,TRUE,TRUE,TRUE,FALSE,FALSE,TRUE,TRUE,TRUE,4,200.583s (~3.34 minutes),study4_11_2016-03-03_13-46-29-shiftedAnnotations.eaf,2016-03-03T13:46:29Z
#<DIALOG-ACT {1011976C03}>,packetRequest,Parcel Request,TRUE,TRUE,TRUE,FALSE,FALSE,TRUE,TRUE,TRUE,4,225.039s (~3.75 minutes),study4_11_2016-03-03_13-46-29-shiftedAnnotations.eaf,2016-03-03T13:46:29Z
#<DIALOG-ACT {101197B993}>,lightOn,Light On,TRUE,TRUE,TRUE,FALSE,FALSE,TRUE,TRUE,TRUE,4,242.901s (~4.05 minutes),study4_11_2016-03-03_13-46-29-shiftedAnnotations.eaf,2016-03-03T13:46:29Z
#<DIALOG-ACT {10119806A3}>,packetRequest,Parcel Request,TRUE,TRUE,TRUE,FALSE,FALSE,TRUE,TRUE,TRUE,4,246.873s (~4.11 minutes),study4_11_2016-03-03_13-46-29-shiftedAnnotations.eaf,2016-03-03T13:46:29Z
#<DIALOG-ACT {1011985433}>,packetRequest,Parcel Request,TRUE,TRUE,TRUE,FALSE,FALSE,TRUE,TRUE,TRUE,4,253.119s (~4.22 minutes),study4_11_2016-03-03_13-46-29-shiftedAnnotations.eaf,2016-03-03T13:46:29Z
#<DIALOG-ACT {10119A0323}>,timeRequest,Time Request,TRUE,TRUE,TRUE,FALSE,FALSE,TRUE,TRUE,TRUE,4,279.052s (~4.65 minutes),study4_11_2016-03-03_13-46-29-shiftedAnnotations.eaf,2016-03-03T13:46:29Z
#<DIALOG-ACT {1015471EB3}>,lightOff,Light Off,FALSE,FALSE,FALSE,TRUE,FALSE,FALSE,FALSE,FALSE,4,281.131s (~4.69 minutes),study4_11_2016-03-03_13-46-29-shiftedAnnotations.eaf,2016-03-03T13:46:29Z
#<DIALOG-ACT {10119C3F83}>,timeRequest,Time Request,TRUE,TRUE,TRUE,FALSE,FALSE,TRUE,TRUE,TRUE,4,295.984s (~4.93 minutes),study4_11_2016-03-03_13-46-29-shiftedAnnotations.eaf,2016-03-03T13:46:29Z
#<DIALOG-ACT {1015492963}>,lightOn,Light On,TRUE,FALSE,FALSE,FALSE,TRUE,FALSE,FALSE,FALSE,4,324.689s (~5.41 minutes),study4_11_2016-03-03_13-46-29-shiftedAnnotations.eaf,2016-03-03T13:46:29Z
#<DIALOG-ACT {10119C8C33}>,lightOn,Light On,TRUE,TRUE,TRUE,FALSE,FALSE,TRUE,TRUE,TRUE,4,335.201s (~5.59 minutes),study4_11_2016-03-03_13-46-29-shiftedAnnotations.eaf,2016-03-03T13:46:29Z
#<DIALOG-ACT {10154A0C43}>,timeRequest,Time Request,TRUE,TRUE,FALSE,FALSE,TRUE,FALSE,FALSE,TRUE,4,353.872s (~5.9 minutes),study4_11_2016-03-03_13-46-29-shiftedAnnotations.eaf,2016-03-03T13:46:29Z
#<DIALOG-ACT {10119D25C3}>,timeRequest,Time Request,TRUE,TRUE,FALSE,FALSE,TRUE,TRUE,TRUE,TRUE,4,357.537s (~5.96 minutes),study4_11_2016-03-03_13-46-29-shiftedAnnotations.eaf,2016-03-03T13:46:29Z
#<DIALOG-ACT {10119E97B3}>,gardenRequest,Garden Request,TRUE,TRUE,TRUE,FALSE,FALSE,TRUE,TRUE,TRUE,4,430.24s (~7.17 minutes),study4_11_2016-03-03_13-46-29-shiftedAnnotations.eaf,2016-03-03T13:46:29Z
#<DIALOG-ACT {10119EE473}>,lightOn,Light On,TRUE,TRUE,TRUE,FALSE,FALSE,TRUE,TRUE,TRUE,4,458.009s (~7.63 minutes),study4_11_2016-03-03_13-46-29-shiftedAnnotations.eaf,2016-03-03T13:46:29Z
#<DIALOG-ACT {1011A090B3}>,timeRequest,Time Request,TRUE,TRUE,TRUE,FALSE,FALSE,TRUE,TRUE,TRUE,4,484.85s (~8.08 minutes),study4_11_2016-03-03_13-46-29-shiftedAnnotations.eaf,2016-03-03T13:46:29Z
#<DIALOG-ACT {1011A1AAE3}>,timeRequest,Time Request,TRUE,TRUE,TRUE,FALSE,FALSE,TRUE,TRUE,TRUE,4,490.272s (~8.17 minutes),study4_11_2016-03-03_13-46-29-shiftedAnnotations.eaf,2016-03-03T13:46:29Z
#<DIALOG-ACT {1011A23F83}>,gardenRequest,Garden Request,FALSE,FALSE,FALSE,TRUE,FALSE,TRUE,TRUE,TRUE,4,491.949s (~8.2 minutes),study4_11_2016-03-03_13-46-29-shiftedAnnotations.eaf,2016-03-03T13:46:29Z
#<DIALOG-ACT {1011A2D8D3}>,timeRequest,Time Request,TRUE,TRUE,TRUE,FALSE,FALSE,TRUE,TRUE,TRUE,4,494.708s (~8.25 minutes),study4_11_2016-03-03_13-46-29-shiftedAnnotations.eaf,2016-03-03T13:46:29Z
#<DIALOG-ACT {1011A36FD3}>,lightOn,Light On,FALSE,FALSE,FALSE,TRUE,FALSE,TRUE,TRUE,TRUE,4,496.063s (~8.27 minutes),study4_11_2016-03-03_13-46-29-shiftedAnnotations.eaf,2016-03-03T13:46:29Z
#<DIALOG-ACT {10155090B3}>,lightOff,Light Off,TRUE,TRUE,FALSE,FALSE,TRUE,FALSE,FALSE,TRUE,4,523s (~8.72 minutes),study4_11_2016-03-03_13-46-29-shiftedAnnotations.eaf,2016-03-03T13:46:29Z
#<DIALOG-ACT {101550E2E3}>,lightOff,Light Off,TRUE,TRUE,FALSE,FALSE,TRUE,FALSE,FALSE,TRUE,4,528.917s (~8.82 minutes),study4_11_2016-03-03_13-46-29-shiftedAnnotations.eaf,2016-03-03T13:46:29Z
#<DIALOG-ACT {1011A40223}>,lightOff,Light Off,TRUE,TRUE,TRUE,FALSE,FALSE,TRUE,TRUE,TRUE,4,536.175s (~8.94 minutes),study4_11_2016-03-03_13-46-29-shiftedAnnotations.eaf,2016-03-03T13:46:29Z
#<DIALOG-ACT {1011A57453}>,timeRequest,Time Request,TRUE,TRUE,TRUE,FALSE,FALSE,TRUE,TRUE,TRUE,4,585.661s (~9.76 minutes),study4_11_2016-03-03_13-46-29-shiftedAnnotations.eaf,2016-03-03T13:46:29Z
#<DIALOG-ACT {100E0CCEC3}>,callRequest,Call Request,FALSE,TRUE,FALSE,FALSE,TRUE,FALSE,FALSE,FALSE,5,165.245s (~2.75 minutes),study5_11_2016-03-03_14-47-56-shiftedAnnotations.eaf,2016-03-03T14:47:56Z
#<DIALOG-ACT {100E0E8D03}>,lightOn,Light On,FALSE,TRUE,FALSE,FALSE,TRUE,FALSE,FALSE,TRUE,5,230.039s (~3.83 minutes),study5_11_2016-03-03_14-47-56-shiftedAnnotations.eaf,2016-03-03T14:47:56Z
#<DIALOG-ACT {100E1093A3}>,lightOff,Light Off,FALSE,FALSE,TRUE,FALSE,FALSE,FALSE,FALSE,FALSE,5,255.466s (~4.26 minutes),study5_11_2016-03-03_14-47-56-shiftedAnnotations.eaf,2016-03-03T14:47:56Z
#<DIALOG-ACT {1012225B53}>,experimentsRequest,Exhibits request,TRUE,TRUE,TRUE,FALSE,FALSE,TRUE,TRUE,TRUE,5,318.332s (~5.31 minutes),study5_11_2016-03-03_14-47-56-shiftedAnnotations.eaf,2016-03-03T14:47:56Z
#<DIALOG-ACT {1012233BB3}>,gardenRequest,Garden Request,TRUE,TRUE,TRUE,FALSE,FALSE,TRUE,TRUE,TRUE,5,363.205s (~6.05 minutes),study5_11_2016-03-03_14-47-56-shiftedAnnotations.eaf,2016-03-03T14:47:56Z
#<DIALOG-ACT {100E15ADC3}>,packetRequest,Parcel Request,TRUE,TRUE,TRUE,FALSE,FALSE,FALSE,TRUE,FALSE,5,404.665s (~6.74 minutes),study5_11_2016-03-03_14-47-56-shiftedAnnotations.eaf,2016-03-03T14:47:56Z
#<DIALOG-ACT {101223D033}>,lightOn,Light On,TRUE,TRUE,TRUE,FALSE,FALSE,TRUE,TRUE,TRUE,5,428.217s (~7.14 minutes),study5_11_2016-03-03_14-47-56-shiftedAnnotations.eaf,2016-03-03T14:47:56Z
#<DIALOG-ACT {1012241D13}>,lightOff,Light Off,TRUE,TRUE,TRUE,FALSE,FALSE,TRUE,TRUE,TRUE,5,433.14s (~7.22 minutes),study5_11_2016-03-03_14-47-56-shiftedAnnotations.eaf,2016-03-03T14:47:56Z
#<DIALOG-ACT {10122469F3}>,lightOff,Light Off,TRUE,TRUE,TRUE,FALSE,FALSE,TRUE,TRUE,TRUE,5,438.354s (~7.31 minutes),study5_11_2016-03-03_14-47-56-shiftedAnnotations.eaf,2016-03-03T14:47:56Z
#<DIALOG-ACT {100E17A6E3}>,lightOn,Light On,TRUE,TRUE,TRUE,FALSE,FALSE,FALSE,FALSE,TRUE,5,469.708s (~7.83 minutes),study5_11_2016-03-03_14-47-56-shiftedAnnotations.eaf,2016-03-03T14:47:56Z
#<DIALOG-ACT {101227D3A3}>,timeRequest,Time Request,TRUE,TRUE,TRUE,FALSE,FALSE,TRUE,TRUE,TRUE,5,522.223s (~8.7 minutes),study5_11_2016-03-03_14-47-56-shiftedAnnotations.eaf,2016-03-03T14:47:56Z
#<DIALOG-ACT {101228FB33}>,callRequest,Call Request,TRUE,TRUE,TRUE,FALSE,FALSE,TRUE,TRUE,TRUE,5,558.232s (~9.3 minutes),study5_11_2016-03-03_14-47-56-shiftedAnnotations.eaf,2016-03-03T14:47:56Z
#<DIALOG-ACT {10122946A3}>,gardenRequest,Garden Request,TRUE,TRUE,TRUE,FALSE,FALSE,TRUE,TRUE,TRUE,5,574.271s (~9.57 minutes),study5_11_2016-03-03_14-47-56-shiftedAnnotations.eaf,2016-03-03T14:47:56Z
#<DIALOG-ACT {100E1D10B3}>,timeRequest,Time Request,TRUE,TRUE,TRUE,FALSE,FALSE,FALSE,TRUE,FALSE,5,635.14s (~10.59 minutes),study5_11_2016-03-03_14-47-56-shiftedAnnotations.eaf,2016-03-03T14:47:56Z
#<DIALOG-ACT {10122BE473}>,timeRequest,Time Request,TRUE,TRUE,TRUE,FALSE,FALSE,TRUE,TRUE,TRUE,5,638.451s (~10.64 minutes),study5_11_2016-03-03_14-47-56-shiftedAnnotations.eaf,2016-03-03T14:47:56Z
#<DIALOG-ACT {10122C8043}>,timeRequest,Time Request,TRUE,TRUE,TRUE,FALSE,FALSE,TRUE,TRUE,TRUE,5,659.456s (~10.99 minutes),study5_11_2016-03-03_14-47-56-shiftedAnnotations.eaf,2016-03-03T14:47:56Z
#<DIALOG-ACT {10122D1553}>,experimentsRequest,Exhibits request,TRUE,TRUE,TRUE,FALSE,FALSE,TRUE,TRUE,TRUE,5,665.703s (~11.1 minutes),study5_11_2016-03-03_14-47-56-shiftedAnnotations.eaf,2016-03-03T14:47:56Z
#<DIALOG-ACT {10122D6323}>,lightOn,Light On,TRUE,TRUE,TRUE,FALSE,FALSE,TRUE,TRUE,TRUE,5,695.562s (~11.59 minutes),study5_11_2016-03-03_14-47-56-shiftedAnnotations.eaf,2016-03-03T14:47:56Z
#<DIALOG-ACT {10122E4123}>,lightOff,Light Off,TRUE,TRUE,TRUE,FALSE,FALSE,TRUE,TRUE,TRUE,5,732.799s (~12.21 minutes),study5_11_2016-03-03_14-47-56-shiftedAnnotations.eaf,2016-03-03T14:47:56Z
#<DIALOG-ACT {10122E90B3}>,lightOn,Light On,TRUE,TRUE,TRUE,FALSE,FALSE,TRUE,TRUE,TRUE,5,748.966s (~12.48 minutes),study5_11_2016-03-03_14-47-56-shiftedAnnotations.eaf,2016-03-03T14:47:56Z
#<DIALOG-ACT {10122EDDB3}>,packetRequest,Parcel Request,TRUE,TRUE,TRUE,FALSE,FALSE,TRUE,TRUE,TRUE,5,763.909s (~12.73 minutes),study5_11_2016-03-03_14-47-56-shiftedAnnotations.eaf,2016-03-03T14:47:56Z
#<DIALOG-ACT {100E26C2B3}>,packetRequest,Parcel Request,FALSE,FALSE,FALSE,TRUE,FALSE,FALSE,FALSE,FALSE,5,766.071s (~12.77 minutes),study5_11_2016-03-03_14-47-56-shiftedAnnotations.eaf,2016-03-03T14:47:56Z
#<DIALOG-ACT {10122F2DB3}>,dataRequest,Data Request,TRUE,TRUE,TRUE,FALSE,FALSE,TRUE,TRUE,TRUE,5,780.249s (~13 minutes),study5_11_2016-03-03_14-47-56-shiftedAnnotations.eaf,2016-03-03T14:47:56Z
#<DIALOG-ACT {100E27F373}>,lightOn,Light On,FALSE,FALSE,FALSE,TRUE,FALSE,FALSE,FALSE,FALSE,5,788.275s (~13.14 minutes),study5_11_2016-03-03_14-47-56-shiftedAnnotations.eaf,2016-03-03T14:47:56Z
#<DIALOG-ACT {10122FC913}>,dataRequest,Data Request,TRUE,TRUE,TRUE,FALSE,FALSE,TRUE,TRUE,TRUE,5,790.948s (~13.18 minutes),study5_11_2016-03-03_14-47-56-shiftedAnnotations.eaf,2016-03-03T14:47:56Z
#<DIALOG-ACT {100E296AE3}>,lightOn,Light On,FALSE,FALSE,FALSE,TRUE,FALSE,FALSE,FALSE,TRUE,5,798.798s (~13.31 minutes),study5_11_2016-03-03_14-47-56-shiftedAnnotations.eaf,2016-03-03T14:47:56Z
